[{"Average": 315.71, "Date": "1958-03-01", "Decimal Date": 1958.208, "Interpolated": 315.71, "Number of Days": -1.0, "Trend": 314.62},{"Average": 317.45, "Date": "1958-04-01", "Decimal Date": 1958.292, "Interpolated": 317.45, "Number of Days": -1.0, "Trend": 315.29},{"Average": 317.5, "Date": "1958-05-01", "Decimal Date": 1958.375, "Interpolated": 317.5, "Number of Days": -1.0, "Trend": 314.71},{"Average": -99.99, "Date": "1958-06-01", "Decimal Date": 1958.458, "Interpolated": 317.1, "Number of Days": -1.0, "Trend": 314.85},{"Average": 315.86, "Date": "1958-07-01", "Decimal Date": 1958.542, "Interpolated": 315.86, "Number of Days": -1.0, "Trend": 314.98},{"Average": 314.93, "Date": "1958-08-01", "Decimal Date": 1958.625, "Interpolated": 314.93, "Number of Days": -1.0, "Trend": 315.94},{"Average": 313.2, "Date": "1958-09-01", "Decimal Date": 1958.708, "Interpolated": 313.2, "Number of Days": -1.0, "Trend": 315.91},{"Average": -99.99, "Date": "1958-10-01", "Decimal Date": 1958.792, "Interpolated": 312.66, "Number of Days": -1.0, "Trend": 315.61},{"Average": 313.33, "Date": "1958-11-01", "Decimal Date": 1958.875, "Interpolated": 313.33, "Number of Days": -1.0, "Trend": 315.31},{"Average": 314.67, "Date": "1958-12-01", "Decimal Date": 1958.958, "Interpolated": 314.67, "Number of Days": -1.0, "Trend": 315.61},{"Average": 315.62, "Date": "1959-01-01", "Decimal Date": 1959.042, "Interpolated": 315.62, "Number of Days": -1.0, "Trend": 315.7},{"Average": 316.38, "Date": "1959-02-01", "Decimal Date": 1959.125, "Interpolated": 316.38, "Number of Days": -1.0, "Trend": 315.88},{"Average": 316.71, "Date": "1959-03-01", "Decimal Date": 1959.208, "Interpolated": 316.71, "Number of Days": -1.0, "Trend": 315.62},{"Average": 317.72, "Date": "1959-04-01", "Decimal Date": 1959.292, "Interpolated": 317.72, "Number of Days": -1.0, "Trend": 315.56},{"Average": 318.29, "Date": "1959-05-01", "Decimal Date": 1959.375, "Interpolated": 318.29, "Number of Days": -1.0, "Trend": 315.5},{"Average": 318.15, "Date": "1959-06-01", "Decimal Date": 1959.458, "Interpolated": 318.15, "Number of Days": -1.0, "Trend": 315.92},{"Average": 316.54, "Date": "1959-07-01", "Decimal Date": 1959.542, "Interpolated": 316.54, "Number of Days": -1.0, "Trend": 315.66},{"Average": 314.8, "Date": "1959-08-01", "Decimal Date": 1959.625, "Interpolated": 314.8, "Number of Days": -1.0, "Trend": 315.81},{"Average": 313.84, "Date": "1959-09-01", "Decimal Date": 1959.708, "Interpolated": 313.84, "Number of Days": -1.0, "Trend": 316.55},{"Average": 313.26, "Date": "1959-10-01", "Decimal Date": 1959.792, "Interpolated": 313.26, "Number of Days": -1.0, "Trend": 316.19},{"Average": 314.8, "Date": "1959-11-01", "Decimal Date": 1959.875, "Interpolated": 314.8, "Number of Days": -1.0, "Trend": 316.78},{"Average": 315.58, "Date": "1959-12-01", "Decimal Date": 1959.958, "Interpolated": 315.58, "Number of Days": -1.0, "Trend": 316.52},{"Average": 316.43, "Date": "1960-01-01", "Decimal Date": 1960.042, "Interpolated": 316.43, "Number of Days": -1.0, "Trend": 316.51},{"Average": 316.97, "Date": "1960-02-01", "Decimal Date": 1960.125, "Interpolated": 316.97, "Number of Days": -1.0, "Trend": 316.47},{"Average": 317.58, "Date": "1960-03-01", "Decimal Date": 1960.208, "Interpolated": 317.58, "Number of Days": -1.0, "Trend": 316.49},{"Average": 319.02, "Date": "1960-04-01", "Decimal Date": 1960.292, "Interpolated": 319.02, "Number of Days": -1.0, "Trend": 316.86},{"Average": 320.03, "Date": "1960-05-01", "Decimal Date": 1960.375, "Interpolated": 320.03, "Number of Days": -1.0, "Trend": 317.24},{"Average": 319.59, "Date": "1960-06-01", "Decimal Date": 1960.458, "Interpolated": 319.59, "Number of Days": -1.0, "Trend": 317.36},{"Average": 318.18, "Date": "1960-07-01", "Decimal Date": 1960.542, "Interpolated": 318.18, "Number of Days": -1.0, "Trend": 317.3},{"Average": 315.91, "Date": "1960-08-01", "Decimal Date": 1960.625, "Interpolated": 315.91, "Number of Days": -1.0, "Trend": 316.92},{"Average": 314.16, "Date": "1960-09-01", "Decimal Date": 1960.708, "Interpolated": 314.16, "Number of Days": -1.0, "Trend": 316.87},{"Average": 313.83, "Date": "1960-10-01", "Decimal Date": 1960.792, "Interpolated": 313.83, "Number of Days": -1.0, "Trend": 316.76},{"Average": 315.0, "Date": "1960-11-01", "Decimal Date": 1960.875, "Interpolated": 315.0, "Number of Days": -1.0, "Trend": 316.98},{"Average": 316.19, "Date": "1960-12-01", "Decimal Date": 1960.958, "Interpolated": 316.19, "Number of Days": -1.0, "Trend": 317.13},{"Average": 316.93, "Date": "1961-01-01", "Decimal Date": 1961.042, "Interpolated": 316.93, "Number of Days": -1.0, "Trend": 317.03},{"Average": 317.7, "Date": "1961-02-01", "Decimal Date": 1961.125, "Interpolated": 317.7, "Number of Days": -1.0, "Trend": 317.28},{"Average": 318.54, "Date": "1961-03-01", "Decimal Date": 1961.208, "Interpolated": 318.54, "Number of Days": -1.0, "Trend": 317.47},{"Average": 319.48, "Date": "1961-04-01", "Decimal Date": 1961.292, "Interpolated": 319.48, "Number of Days": -1.0, "Trend": 317.27},{"Average": 320.58, "Date": "1961-05-01", "Decimal Date": 1961.375, "Interpolated": 320.58, "Number of Days": -1.0, "Trend": 317.7},{"Average": 319.77, "Date": "1961-06-01", "Decimal Date": 1961.458, "Interpolated": 319.77, "Number of Days": -1.0, "Trend": 317.48},{"Average": 318.57, "Date": "1961-07-01", "Decimal Date": 1961.542, "Interpolated": 318.57, "Number of Days": -1.0, "Trend": 317.7},{"Average": 316.79, "Date": "1961-08-01", "Decimal Date": 1961.625, "Interpolated": 316.79, "Number of Days": -1.0, "Trend": 317.8},{"Average": 314.8, "Date": "1961-09-01", "Decimal Date": 1961.708, "Interpolated": 314.8, "Number of Days": -1.0, "Trend": 317.49},{"Average": 315.38, "Date": "1961-10-01", "Decimal Date": 1961.792, "Interpolated": 315.38, "Number of Days": -1.0, "Trend": 318.35},{"Average": 316.1, "Date": "1961-11-01", "Decimal Date": 1961.875, "Interpolated": 316.1, "Number of Days": -1.0, "Trend": 318.13},{"Average": 317.01, "Date": "1961-12-01", "Decimal Date": 1961.958, "Interpolated": 317.01, "Number of Days": -1.0, "Trend": 317.94},{"Average": 317.94, "Date": "1962-01-01", "Decimal Date": 1962.042, "Interpolated": 317.94, "Number of Days": -1.0, "Trend": 318.06},{"Average": 318.56, "Date": "1962-02-01", "Decimal Date": 1962.125, "Interpolated": 318.56, "Number of Days": -1.0, "Trend": 318.11},{"Average": 319.68, "Date": "1962-03-01", "Decimal Date": 1962.208, "Interpolated": 319.68, "Number of Days": -1.0, "Trend": 318.57},{"Average": 320.63, "Date": "1962-04-01", "Decimal Date": 1962.292, "Interpolated": 320.63, "Number of Days": -1.0, "Trend": 318.45},{"Average": 321.01, "Date": "1962-05-01", "Decimal Date": 1962.375, "Interpolated": 321.01, "Number of Days": -1.0, "Trend": 318.2},{"Average": 320.55, "Date": "1962-06-01", "Decimal Date": 1962.458, "Interpolated": 320.55, "Number of Days": -1.0, "Trend": 318.27},{"Average": 319.58, "Date": "1962-07-01", "Decimal Date": 1962.542, "Interpolated": 319.58, "Number of Days": -1.0, "Trend": 318.67},{"Average": 317.4, "Date": "1962-08-01", "Decimal Date": 1962.625, "Interpolated": 317.4, "Number of Days": -1.0, "Trend": 318.48},{"Average": 316.26, "Date": "1962-09-01", "Decimal Date": 1962.708, "Interpolated": 316.26, "Number of Days": -1.0, "Trend": 319.03},{"Average": 315.42, "Date": "1962-10-01", "Decimal Date": 1962.792, "Interpolated": 315.42, "Number of Days": -1.0, "Trend": 318.33},{"Average": 316.69, "Date": "1962-11-01", "Decimal Date": 1962.875, "Interpolated": 316.69, "Number of Days": -1.0, "Trend": 318.62},{"Average": 317.69, "Date": "1962-12-01", "Decimal Date": 1962.958, "Interpolated": 317.69, "Number of Days": -1.0, "Trend": 318.61},{"Average": 318.74, "Date": "1963-01-01", "Decimal Date": 1963.042, "Interpolated": 318.74, "Number of Days": -1.0, "Trend": 318.91},{"Average": 319.08, "Date": "1963-02-01", "Decimal Date": 1963.125, "Interpolated": 319.08, "Number of Days": -1.0, "Trend": 318.68},{"Average": 319.86, "Date": "1963-03-01", "Decimal Date": 1963.208, "Interpolated": 319.86, "Number of Days": -1.0, "Trend": 318.69},{"Average": 321.39, "Date": "1963-04-01", "Decimal Date": 1963.292, "Interpolated": 321.39, "Number of Days": -1.0, "Trend": 319.09},{"Average": 322.25, "Date": "1963-05-01", "Decimal Date": 1963.375, "Interpolated": 322.25, "Number of Days": -1.0, "Trend": 319.39},{"Average": 321.47, "Date": "1963-06-01", "Decimal Date": 1963.458, "Interpolated": 321.47, "Number of Days": -1.0, "Trend": 319.16},{"Average": 319.74, "Date": "1963-07-01", "Decimal Date": 1963.542, "Interpolated": 319.74, "Number of Days": -1.0, "Trend": 318.77},{"Average": 317.77, "Date": "1963-08-01", "Decimal Date": 1963.625, "Interpolated": 317.77, "Number of Days": -1.0, "Trend": 318.83},{"Average": 316.21, "Date": "1963-09-01", "Decimal Date": 1963.708, "Interpolated": 316.21, "Number of Days": -1.0, "Trend": 319.06},{"Average": 315.99, "Date": "1963-10-01", "Decimal Date": 1963.792, "Interpolated": 315.99, "Number of Days": -1.0, "Trend": 319.0},{"Average": 317.12, "Date": "1963-11-01", "Decimal Date": 1963.875, "Interpolated": 317.12, "Number of Days": -1.0, "Trend": 319.1},{"Average": 318.31, "Date": "1963-12-01", "Decimal Date": 1963.958, "Interpolated": 318.31, "Number of Days": -1.0, "Trend": 319.25},{"Average": 319.57, "Date": "1964-01-01", "Decimal Date": 1964.042, "Interpolated": 319.57, "Number of Days": -1.0, "Trend": 319.67},{"Average": -99.99, "Date": "1964-02-01", "Decimal Date": 1964.125, "Interpolated": 320.07, "Number of Days": -1.0, "Trend": 319.61},{"Average": -99.99, "Date": "1964-03-01", "Decimal Date": 1964.208, "Interpolated": 320.73, "Number of Days": -1.0, "Trend": 319.55},{"Average": -99.99, "Date": "1964-04-01", "Decimal Date": 1964.292, "Interpolated": 321.77, "Number of Days": -1.0, "Trend": 319.48},{"Average": 322.25, "Date": "1964-05-01", "Decimal Date": 1964.375, "Interpolated": 322.25, "Number of Days": -1.0, "Trend": 319.42},{"Average": 321.89, "Date": "1964-06-01", "Decimal Date": 1964.458, "Interpolated": 321.89, "Number of Days": -1.0, "Trend": 319.69},{"Average": 320.44, "Date": "1964-07-01", "Decimal Date": 1964.542, "Interpolated": 320.44, "Number of Days": -1.0, "Trend": 319.58},{"Average": 318.7, "Date": "1964-08-01", "Decimal Date": 1964.625, "Interpolated": 318.7, "Number of Days": -1.0, "Trend": 319.81},{"Average": 316.7, "Date": "1964-09-01", "Decimal Date": 1964.708, "Interpolated": 316.7, "Number of Days": -1.0, "Trend": 319.56},{"Average": 316.79, "Date": "1964-10-01", "Decimal Date": 1964.792, "Interpolated": 316.79, "Number of Days": -1.0, "Trend": 319.78},{"Average": 317.79, "Date": "1964-11-01", "Decimal Date": 1964.875, "Interpolated": 317.79, "Number of Days": -1.0, "Trend": 319.72},{"Average": 318.71, "Date": "1964-12-01", "Decimal Date": 1964.958, "Interpolated": 318.71, "Number of Days": -1.0, "Trend": 319.59},{"Average": 319.44, "Date": "1965-01-01", "Decimal Date": 1965.042, "Interpolated": 319.44, "Number of Days": -1.0, "Trend": 319.48},{"Average": 320.44, "Date": "1965-02-01", "Decimal Date": 1965.125, "Interpolated": 320.44, "Number of Days": -1.0, "Trend": 319.97},{"Average": 320.89, "Date": "1965-03-01", "Decimal Date": 1965.208, "Interpolated": 320.89, "Number of Days": -1.0, "Trend": 319.65},{"Average": 322.13, "Date": "1965-04-01", "Decimal Date": 1965.292, "Interpolated": 322.13, "Number of Days": -1.0, "Trend": 319.8},{"Average": 322.16, "Date": "1965-05-01", "Decimal Date": 1965.375, "Interpolated": 322.16, "Number of Days": -1.0, "Trend": 319.36},{"Average": 321.87, "Date": "1965-06-01", "Decimal Date": 1965.458, "Interpolated": 321.87, "Number of Days": -1.0, "Trend": 319.65},{"Average": 321.39, "Date": "1965-07-01", "Decimal Date": 1965.542, "Interpolated": 321.39, "Number of Days": -1.0, "Trend": 320.51},{"Average": 318.81, "Date": "1965-08-01", "Decimal Date": 1965.625, "Interpolated": 318.81, "Number of Days": -1.0, "Trend": 319.93},{"Average": 317.81, "Date": "1965-09-01", "Decimal Date": 1965.708, "Interpolated": 317.81, "Number of Days": -1.0, "Trend": 320.68},{"Average": 317.3, "Date": "1965-10-01", "Decimal Date": 1965.792, "Interpolated": 317.3, "Number of Days": -1.0, "Trend": 320.36},{"Average": 318.87, "Date": "1965-11-01", "Decimal Date": 1965.875, "Interpolated": 318.87, "Number of Days": -1.0, "Trend": 320.87},{"Average": 319.42, "Date": "1965-12-01", "Decimal Date": 1965.958, "Interpolated": 319.42, "Number of Days": -1.0, "Trend": 320.26},{"Average": 320.62, "Date": "1966-01-01", "Decimal Date": 1966.042, "Interpolated": 320.62, "Number of Days": -1.0, "Trend": 320.63},{"Average": 321.59, "Date": "1966-02-01", "Decimal Date": 1966.125, "Interpolated": 321.59, "Number of Days": -1.0, "Trend": 321.1},{"Average": 322.39, "Date": "1966-03-01", "Decimal Date": 1966.208, "Interpolated": 322.39, "Number of Days": -1.0, "Trend": 321.16},{"Average": 323.87, "Date": "1966-04-01", "Decimal Date": 1966.292, "Interpolated": 323.87, "Number of Days": -1.0, "Trend": 321.51},{"Average": 324.01, "Date": "1966-05-01", "Decimal Date": 1966.375, "Interpolated": 324.01, "Number of Days": -1.0, "Trend": 321.18},{"Average": 323.75, "Date": "1966-06-01", "Decimal Date": 1966.458, "Interpolated": 323.75, "Number of Days": -1.0, "Trend": 321.52},{"Average": 322.39, "Date": "1966-07-01", "Decimal Date": 1966.542, "Interpolated": 322.39, "Number of Days": -1.0, "Trend": 321.49},{"Average": 320.37, "Date": "1966-08-01", "Decimal Date": 1966.625, "Interpolated": 320.37, "Number of Days": -1.0, "Trend": 321.5},{"Average": 318.64, "Date": "1966-09-01", "Decimal Date": 1966.708, "Interpolated": 318.64, "Number of Days": -1.0, "Trend": 321.54},{"Average": 318.1, "Date": "1966-10-01", "Decimal Date": 1966.792, "Interpolated": 318.1, "Number of Days": -1.0, "Trend": 321.18},{"Average": 319.79, "Date": "1966-11-01", "Decimal Date": 1966.875, "Interpolated": 319.79, "Number of Days": -1.0, "Trend": 321.84},{"Average": 321.08, "Date": "1966-12-01", "Decimal Date": 1966.958, "Interpolated": 321.08, "Number of Days": -1.0, "Trend": 321.95},{"Average": 322.07, "Date": "1967-01-01", "Decimal Date": 1967.042, "Interpolated": 322.07, "Number of Days": -1.0, "Trend": 322.07},{"Average": 322.5, "Date": "1967-02-01", "Decimal Date": 1967.125, "Interpolated": 322.5, "Number of Days": -1.0, "Trend": 321.94},{"Average": 323.04, "Date": "1967-03-01", "Decimal Date": 1967.208, "Interpolated": 323.04, "Number of Days": -1.0, "Trend": 321.72},{"Average": 324.42, "Date": "1967-04-01", "Decimal Date": 1967.292, "Interpolated": 324.42, "Number of Days": -1.0, "Trend": 322.05},{"Average": 325.0, "Date": "1967-05-01", "Decimal Date": 1967.375, "Interpolated": 325.0, "Number of Days": -1.0, "Trend": 322.27},{"Average": 324.09, "Date": "1967-06-01", "Decimal Date": 1967.458, "Interpolated": 324.09, "Number of Days": -1.0, "Trend": 321.94},{"Average": 322.55, "Date": "1967-07-01", "Decimal Date": 1967.542, "Interpolated": 322.55, "Number of Days": -1.0, "Trend": 321.66},{"Average": 320.92, "Date": "1967-08-01", "Decimal Date": 1967.625, "Interpolated": 320.92, "Number of Days": -1.0, "Trend": 322.04},{"Average": 319.31, "Date": "1967-09-01", "Decimal Date": 1967.708, "Interpolated": 319.31, "Number of Days": -1.0, "Trend": 322.19},{"Average": 319.31, "Date": "1967-10-01", "Decimal Date": 1967.792, "Interpolated": 319.31, "Number of Days": -1.0, "Trend": 322.36},{"Average": 320.72, "Date": "1967-11-01", "Decimal Date": 1967.875, "Interpolated": 320.72, "Number of Days": -1.0, "Trend": 322.78},{"Average": 321.96, "Date": "1967-12-01", "Decimal Date": 1967.958, "Interpolated": 321.96, "Number of Days": -1.0, "Trend": 322.86},{"Average": 322.57, "Date": "1968-01-01", "Decimal Date": 1968.042, "Interpolated": 322.57, "Number of Days": -1.0, "Trend": 322.55},{"Average": 323.15, "Date": "1968-02-01", "Decimal Date": 1968.125, "Interpolated": 323.15, "Number of Days": -1.0, "Trend": 322.56},{"Average": 323.89, "Date": "1968-03-01", "Decimal Date": 1968.208, "Interpolated": 323.89, "Number of Days": -1.0, "Trend": 322.59},{"Average": 325.02, "Date": "1968-04-01", "Decimal Date": 1968.292, "Interpolated": 325.02, "Number of Days": -1.0, "Trend": 322.73},{"Average": 325.57, "Date": "1968-05-01", "Decimal Date": 1968.375, "Interpolated": 325.57, "Number of Days": -1.0, "Trend": 322.87},{"Average": 325.36, "Date": "1968-06-01", "Decimal Date": 1968.458, "Interpolated": 325.36, "Number of Days": -1.0, "Trend": 323.2},{"Average": 324.14, "Date": "1968-07-01", "Decimal Date": 1968.542, "Interpolated": 324.14, "Number of Days": -1.0, "Trend": 323.25},{"Average": 322.03, "Date": "1968-08-01", "Decimal Date": 1968.625, "Interpolated": 322.03, "Number of Days": -1.0, "Trend": 323.15},{"Average": 320.41, "Date": "1968-09-01", "Decimal Date": 1968.708, "Interpolated": 320.41, "Number of Days": -1.0, "Trend": 323.31},{"Average": 320.25, "Date": "1968-10-01", "Decimal Date": 1968.792, "Interpolated": 320.25, "Number of Days": -1.0, "Trend": 323.32},{"Average": 321.31, "Date": "1968-11-01", "Decimal Date": 1968.875, "Interpolated": 321.31, "Number of Days": -1.0, "Trend": 323.32},{"Average": 322.84, "Date": "1968-12-01", "Decimal Date": 1968.958, "Interpolated": 322.84, "Number of Days": -1.0, "Trend": 323.69},{"Average": 324.0, "Date": "1969-01-01", "Decimal Date": 1969.042, "Interpolated": 324.0, "Number of Days": -1.0, "Trend": 323.98},{"Average": 324.42, "Date": "1969-02-01", "Decimal Date": 1969.125, "Interpolated": 324.42, "Number of Days": -1.0, "Trend": 323.89},{"Average": 325.64, "Date": "1969-03-01", "Decimal Date": 1969.208, "Interpolated": 325.64, "Number of Days": -1.0, "Trend": 324.41},{"Average": 326.66, "Date": "1969-04-01", "Decimal Date": 1969.292, "Interpolated": 326.66, "Number of Days": -1.0, "Trend": 324.35},{"Average": 327.34, "Date": "1969-05-01", "Decimal Date": 1969.375, "Interpolated": 327.34, "Number of Days": -1.0, "Trend": 324.57},{"Average": 326.76, "Date": "1969-06-01", "Decimal Date": 1969.458, "Interpolated": 326.76, "Number of Days": -1.0, "Trend": 324.63},{"Average": 325.88, "Date": "1969-07-01", "Decimal Date": 1969.542, "Interpolated": 325.88, "Number of Days": -1.0, "Trend": 325.08},{"Average": 323.67, "Date": "1969-08-01", "Decimal Date": 1969.625, "Interpolated": 323.67, "Number of Days": -1.0, "Trend": 324.8},{"Average": 322.38, "Date": "1969-09-01", "Decimal Date": 1969.708, "Interpolated": 322.38, "Number of Days": -1.0, "Trend": 325.28},{"Average": 321.78, "Date": "1969-10-01", "Decimal Date": 1969.792, "Interpolated": 321.78, "Number of Days": -1.0, "Trend": 324.84},{"Average": 322.85, "Date": "1969-11-01", "Decimal Date": 1969.875, "Interpolated": 322.85, "Number of Days": -1.0, "Trend": 324.78},{"Average": 324.11, "Date": "1969-12-01", "Decimal Date": 1969.958, "Interpolated": 324.11, "Number of Days": -1.0, "Trend": 324.88},{"Average": 325.03, "Date": "1970-01-01", "Decimal Date": 1970.042, "Interpolated": 325.03, "Number of Days": -1.0, "Trend": 325.04},{"Average": 325.99, "Date": "1970-02-01", "Decimal Date": 1970.125, "Interpolated": 325.99, "Number of Days": -1.0, "Trend": 325.42},{"Average": 326.87, "Date": "1970-03-01", "Decimal Date": 1970.208, "Interpolated": 326.87, "Number of Days": -1.0, "Trend": 325.69},{"Average": 328.13, "Date": "1970-04-01", "Decimal Date": 1970.292, "Interpolated": 328.13, "Number of Days": -1.0, "Trend": 325.86},{"Average": 328.07, "Date": "1970-05-01", "Decimal Date": 1970.375, "Interpolated": 328.07, "Number of Days": -1.0, "Trend": 325.27},{"Average": 327.66, "Date": "1970-06-01", "Decimal Date": 1970.458, "Interpolated": 327.66, "Number of Days": -1.0, "Trend": 325.52},{"Average": 326.35, "Date": "1970-07-01", "Decimal Date": 1970.542, "Interpolated": 326.35, "Number of Days": -1.0, "Trend": 325.51},{"Average": 324.69, "Date": "1970-08-01", "Decimal Date": 1970.625, "Interpolated": 324.69, "Number of Days": -1.0, "Trend": 325.76},{"Average": 323.1, "Date": "1970-09-01", "Decimal Date": 1970.708, "Interpolated": 323.1, "Number of Days": -1.0, "Trend": 325.93},{"Average": 323.16, "Date": "1970-10-01", "Decimal Date": 1970.792, "Interpolated": 323.16, "Number of Days": -1.0, "Trend": 326.15},{"Average": 323.98, "Date": "1970-11-01", "Decimal Date": 1970.875, "Interpolated": 323.98, "Number of Days": -1.0, "Trend": 325.96},{"Average": 325.13, "Date": "1970-12-01", "Decimal Date": 1970.958, "Interpolated": 325.13, "Number of Days": -1.0, "Trend": 326.06},{"Average": 326.17, "Date": "1971-01-01", "Decimal Date": 1971.042, "Interpolated": 326.17, "Number of Days": -1.0, "Trend": 326.25},{"Average": 326.68, "Date": "1971-02-01", "Decimal Date": 1971.125, "Interpolated": 326.68, "Number of Days": -1.0, "Trend": 326.1},{"Average": 327.18, "Date": "1971-03-01", "Decimal Date": 1971.208, "Interpolated": 327.18, "Number of Days": -1.0, "Trend": 325.94},{"Average": 327.78, "Date": "1971-04-01", "Decimal Date": 1971.292, "Interpolated": 327.78, "Number of Days": -1.0, "Trend": 325.47},{"Average": 328.92, "Date": "1971-05-01", "Decimal Date": 1971.375, "Interpolated": 328.92, "Number of Days": -1.0, "Trend": 326.11},{"Average": 328.57, "Date": "1971-06-01", "Decimal Date": 1971.458, "Interpolated": 328.57, "Number of Days": -1.0, "Trend": 326.4},{"Average": 327.34, "Date": "1971-07-01", "Decimal Date": 1971.542, "Interpolated": 327.34, "Number of Days": -1.0, "Trend": 326.45},{"Average": 325.46, "Date": "1971-08-01", "Decimal Date": 1971.625, "Interpolated": 325.46, "Number of Days": -1.0, "Trend": 326.49},{"Average": 323.36, "Date": "1971-09-01", "Decimal Date": 1971.708, "Interpolated": 323.36, "Number of Days": -1.0, "Trend": 326.19},{"Average": 323.57, "Date": "1971-10-01", "Decimal Date": 1971.792, "Interpolated": 323.57, "Number of Days": -1.0, "Trend": 326.58},{"Average": 324.8, "Date": "1971-11-01", "Decimal Date": 1971.875, "Interpolated": 324.8, "Number of Days": -1.0, "Trend": 326.82},{"Average": 326.01, "Date": "1971-12-01", "Decimal Date": 1971.958, "Interpolated": 326.01, "Number of Days": -1.0, "Trend": 327.02},{"Average": 326.77, "Date": "1972-01-01", "Decimal Date": 1972.042, "Interpolated": 326.77, "Number of Days": -1.0, "Trend": 326.85},{"Average": 327.63, "Date": "1972-02-01", "Decimal Date": 1972.125, "Interpolated": 327.63, "Number of Days": -1.0, "Trend": 327.04},{"Average": 327.75, "Date": "1972-03-01", "Decimal Date": 1972.208, "Interpolated": 327.75, "Number of Days": -1.0, "Trend": 326.53},{"Average": 329.72, "Date": "1972-04-01", "Decimal Date": 1972.292, "Interpolated": 329.72, "Number of Days": -1.0, "Trend": 327.42},{"Average": 330.07, "Date": "1972-05-01", "Decimal Date": 1972.375, "Interpolated": 330.07, "Number of Days": -1.0, "Trend": 327.23},{"Average": 329.09, "Date": "1972-06-01", "Decimal Date": 1972.458, "Interpolated": 329.09, "Number of Days": -1.0, "Trend": 326.92},{"Average": 328.05, "Date": "1972-07-01", "Decimal Date": 1972.542, "Interpolated": 328.05, "Number of Days": -1.0, "Trend": 327.2},{"Average": 326.32, "Date": "1972-08-01", "Decimal Date": 1972.625, "Interpolated": 326.32, "Number of Days": -1.0, "Trend": 327.37},{"Average": 324.93, "Date": "1972-09-01", "Decimal Date": 1972.708, "Interpolated": 324.93, "Number of Days": -1.0, "Trend": 327.76},{"Average": 325.06, "Date": "1972-10-01", "Decimal Date": 1972.792, "Interpolated": 325.06, "Number of Days": -1.0, "Trend": 328.06},{"Average": 326.5, "Date": "1972-11-01", "Decimal Date": 1972.875, "Interpolated": 326.5, "Number of Days": -1.0, "Trend": 328.5},{"Average": 327.55, "Date": "1972-12-01", "Decimal Date": 1972.958, "Interpolated": 327.55, "Number of Days": -1.0, "Trend": 328.55},{"Average": 328.54, "Date": "1973-01-01", "Decimal Date": 1973.042, "Interpolated": 328.54, "Number of Days": -1.0, "Trend": 328.58},{"Average": 329.56, "Date": "1973-02-01", "Decimal Date": 1973.125, "Interpolated": 329.56, "Number of Days": -1.0, "Trend": 328.86},{"Average": 330.3, "Date": "1973-03-01", "Decimal Date": 1973.208, "Interpolated": 330.3, "Number of Days": -1.0, "Trend": 328.99},{"Average": 331.5, "Date": "1973-04-01", "Decimal Date": 1973.292, "Interpolated": 331.5, "Number of Days": -1.0, "Trend": 329.14},{"Average": 332.48, "Date": "1973-05-01", "Decimal Date": 1973.375, "Interpolated": 332.48, "Number of Days": -1.0, "Trend": 329.62},{"Average": 332.07, "Date": "1973-06-01", "Decimal Date": 1973.458, "Interpolated": 332.07, "Number of Days": -1.0, "Trend": 329.94},{"Average": 330.87, "Date": "1973-07-01", "Decimal Date": 1973.542, "Interpolated": 330.87, "Number of Days": -1.0, "Trend": 330.05},{"Average": 329.31, "Date": "1973-08-01", "Decimal Date": 1973.625, "Interpolated": 329.31, "Number of Days": -1.0, "Trend": 330.42},{"Average": 327.51, "Date": "1973-09-01", "Decimal Date": 1973.708, "Interpolated": 327.51, "Number of Days": -1.0, "Trend": 330.45},{"Average": 327.18, "Date": "1973-10-01", "Decimal Date": 1973.792, "Interpolated": 327.18, "Number of Days": -1.0, "Trend": 330.23},{"Average": 328.16, "Date": "1973-11-01", "Decimal Date": 1973.875, "Interpolated": 328.16, "Number of Days": -1.0, "Trend": 330.16},{"Average": 328.64, "Date": "1973-12-01", "Decimal Date": 1973.958, "Interpolated": 328.64, "Number of Days": -1.0, "Trend": 329.66},{"Average": 329.35, "Date": "1974-01-01", "Decimal Date": 1974.042, "Interpolated": 329.35, "Number of Days": -1.0, "Trend": 329.45},{"Average": 330.71, "Date": "1974-02-01", "Decimal Date": 1974.125, "Interpolated": 330.71, "Number of Days": -1.0, "Trend": 330.12},{"Average": 331.48, "Date": "1974-03-01", "Decimal Date": 1974.208, "Interpolated": 331.48, "Number of Days": -1.0, "Trend": 330.2},{"Average": 332.65, "Date": "1974-04-01", "Decimal Date": 1974.292, "Interpolated": 332.65, "Number of Days": -1.0, "Trend": 330.26},{"Average": 333.2, "Date": "1974-05-01", "Decimal Date": 1974.375, "Interpolated": 333.2, "Number of Days": 14.0, "Trend": 330.27},{"Average": 332.16, "Date": "1974-06-01", "Decimal Date": 1974.458, "Interpolated": 332.16, "Number of Days": 26.0, "Trend": 329.94},{"Average": 331.07, "Date": "1974-07-01", "Decimal Date": 1974.542, "Interpolated": 331.07, "Number of Days": 24.0, "Trend": 330.23},{"Average": 329.12, "Date": "1974-08-01", "Decimal Date": 1974.625, "Interpolated": 329.12, "Number of Days": 27.0, "Trend": 330.26},{"Average": 327.32, "Date": "1974-09-01", "Decimal Date": 1974.708, "Interpolated": 327.32, "Number of Days": 24.0, "Trend": 330.28},{"Average": 327.28, "Date": "1974-10-01", "Decimal Date": 1974.792, "Interpolated": 327.28, "Number of Days": 24.0, "Trend": 330.36},{"Average": 328.3, "Date": "1974-11-01", "Decimal Date": 1974.875, "Interpolated": 328.3, "Number of Days": 27.0, "Trend": 330.28},{"Average": 329.58, "Date": "1974-12-01", "Decimal Date": 1974.958, "Interpolated": 329.58, "Number of Days": 28.0, "Trend": 330.55},{"Average": 330.73, "Date": "1975-01-01", "Decimal Date": 1975.042, "Interpolated": 330.73, "Number of Days": 29.0, "Trend": 330.89},{"Average": 331.46, "Date": "1975-02-01", "Decimal Date": 1975.125, "Interpolated": 331.46, "Number of Days": 26.0, "Trend": 330.93},{"Average": 331.9, "Date": "1975-03-01", "Decimal Date": 1975.208, "Interpolated": 331.9, "Number of Days": 18.0, "Trend": 330.54},{"Average": 333.17, "Date": "1975-04-01", "Decimal Date": 1975.292, "Interpolated": 333.17, "Number of Days": 25.0, "Trend": 330.67},{"Average": 333.94, "Date": "1975-05-01", "Decimal Date": 1975.375, "Interpolated": 333.94, "Number of Days": 28.0, "Trend": 330.98},{"Average": 333.45, "Date": "1975-06-01", "Decimal Date": 1975.458, "Interpolated": 333.45, "Number of Days": 26.0, "Trend": 331.2},{"Average": 331.98, "Date": "1975-07-01", "Decimal Date": 1975.542, "Interpolated": 331.98, "Number of Days": 24.0, "Trend": 331.12},{"Average": 329.95, "Date": "1975-08-01", "Decimal Date": 1975.625, "Interpolated": 329.95, "Number of Days": 24.0, "Trend": 331.11},{"Average": 328.5, "Date": "1975-09-01", "Decimal Date": 1975.708, "Interpolated": 328.5, "Number of Days": 23.0, "Trend": 331.48},{"Average": 328.35, "Date": "1975-10-01", "Decimal Date": 1975.792, "Interpolated": 328.35, "Number of Days": 12.0, "Trend": 331.46},{"Average": 329.37, "Date": "1975-11-01", "Decimal Date": 1975.875, "Interpolated": 329.37, "Number of Days": 19.0, "Trend": 331.41},{"Average": -99.99, "Date": "1975-12-01", "Decimal Date": 1975.958, "Interpolated": 330.59, "Number of Days": 0.0, "Trend": 331.6},{"Average": 331.59, "Date": "1976-01-01", "Decimal Date": 1976.042, "Interpolated": 331.59, "Number of Days": 20.0, "Trend": 331.79},{"Average": 332.75, "Date": "1976-02-01", "Decimal Date": 1976.125, "Interpolated": 332.75, "Number of Days": 22.0, "Trend": 332.2},{"Average": 333.52, "Date": "1976-03-01", "Decimal Date": 1976.208, "Interpolated": 333.52, "Number of Days": 20.0, "Trend": 332.05},{"Average": 334.64, "Date": "1976-04-01", "Decimal Date": 1976.292, "Interpolated": 334.64, "Number of Days": 19.0, "Trend": 332.13},{"Average": 334.77, "Date": "1976-05-01", "Decimal Date": 1976.375, "Interpolated": 334.77, "Number of Days": 22.0, "Trend": 331.84},{"Average": 334.0, "Date": "1976-06-01", "Decimal Date": 1976.458, "Interpolated": 334.0, "Number of Days": 17.0, "Trend": 331.65},{"Average": 333.06, "Date": "1976-07-01", "Decimal Date": 1976.542, "Interpolated": 333.06, "Number of Days": 16.0, "Trend": 332.14},{"Average": 330.68, "Date": "1976-08-01", "Decimal Date": 1976.625, "Interpolated": 330.68, "Number of Days": 23.0, "Trend": 331.88},{"Average": 328.95, "Date": "1976-09-01", "Decimal Date": 1976.708, "Interpolated": 328.95, "Number of Days": 13.0, "Trend": 331.94},{"Average": 328.75, "Date": "1976-10-01", "Decimal Date": 1976.792, "Interpolated": 328.75, "Number of Days": 20.0, "Trend": 331.92},{"Average": 330.15, "Date": "1976-11-01", "Decimal Date": 1976.875, "Interpolated": 330.15, "Number of Days": 25.0, "Trend": 332.29},{"Average": 331.62, "Date": "1976-12-01", "Decimal Date": 1976.958, "Interpolated": 331.62, "Number of Days": 20.0, "Trend": 332.66},{"Average": 332.66, "Date": "1977-01-01", "Decimal Date": 1977.042, "Interpolated": 332.66, "Number of Days": 24.0, "Trend": 332.76},{"Average": 333.13, "Date": "1977-02-01", "Decimal Date": 1977.125, "Interpolated": 333.13, "Number of Days": 19.0, "Trend": 332.51},{"Average": 334.95, "Date": "1977-03-01", "Decimal Date": 1977.208, "Interpolated": 334.95, "Number of Days": 23.0, "Trend": 333.35},{"Average": 336.13, "Date": "1977-04-01", "Decimal Date": 1977.292, "Interpolated": 336.13, "Number of Days": 21.0, "Trend": 333.51},{"Average": 336.93, "Date": "1977-05-01", "Decimal Date": 1977.375, "Interpolated": 336.93, "Number of Days": 20.0, "Trend": 333.98},{"Average": 336.17, "Date": "1977-06-01", "Decimal Date": 1977.458, "Interpolated": 336.17, "Number of Days": 22.0, "Trend": 333.8},{"Average": 334.88, "Date": "1977-07-01", "Decimal Date": 1977.542, "Interpolated": 334.88, "Number of Days": 21.0, "Trend": 334.02},{"Average": 332.56, "Date": "1977-08-01", "Decimal Date": 1977.625, "Interpolated": 332.56, "Number of Days": 18.0, "Trend": 333.91},{"Average": 331.29, "Date": "1977-09-01", "Decimal Date": 1977.708, "Interpolated": 331.29, "Number of Days": 19.0, "Trend": 334.36},{"Average": 331.27, "Date": "1977-10-01", "Decimal Date": 1977.792, "Interpolated": 331.27, "Number of Days": 23.0, "Trend": 334.52},{"Average": 332.41, "Date": "1977-11-01", "Decimal Date": 1977.875, "Interpolated": 332.41, "Number of Days": 21.0, "Trend": 334.64},{"Average": 333.6, "Date": "1977-12-01", "Decimal Date": 1977.958, "Interpolated": 333.6, "Number of Days": 26.0, "Trend": 334.61},{"Average": 334.95, "Date": "1978-01-01", "Decimal Date": 1978.042, "Interpolated": 334.95, "Number of Days": 22.0, "Trend": 335.01},{"Average": 335.25, "Date": "1978-02-01", "Decimal Date": 1978.125, "Interpolated": 335.25, "Number of Days": 25.0, "Trend": 334.58},{"Average": 336.66, "Date": "1978-03-01", "Decimal Date": 1978.208, "Interpolated": 336.66, "Number of Days": 28.0, "Trend": 335.0},{"Average": 337.69, "Date": "1978-04-01", "Decimal Date": 1978.292, "Interpolated": 337.69, "Number of Days": 18.0, "Trend": 335.06},{"Average": 338.03, "Date": "1978-05-01", "Decimal Date": 1978.375, "Interpolated": 338.03, "Number of Days": 26.0, "Trend": 335.06},{"Average": 338.01, "Date": "1978-06-01", "Decimal Date": 1978.458, "Interpolated": 338.01, "Number of Days": 17.0, "Trend": 335.59},{"Average": 336.41, "Date": "1978-07-01", "Decimal Date": 1978.542, "Interpolated": 336.41, "Number of Days": 22.0, "Trend": 335.57},{"Average": 334.41, "Date": "1978-08-01", "Decimal Date": 1978.625, "Interpolated": 334.41, "Number of Days": 19.0, "Trend": 335.87},{"Average": 332.37, "Date": "1978-09-01", "Decimal Date": 1978.708, "Interpolated": 332.37, "Number of Days": 17.0, "Trend": 335.51},{"Average": 332.41, "Date": "1978-10-01", "Decimal Date": 1978.792, "Interpolated": 332.41, "Number of Days": 23.0, "Trend": 335.68},{"Average": 333.75, "Date": "1978-11-01", "Decimal Date": 1978.875, "Interpolated": 333.75, "Number of Days": 24.0, "Trend": 335.99},{"Average": 334.9, "Date": "1978-12-01", "Decimal Date": 1978.958, "Interpolated": 334.9, "Number of Days": 27.0, "Trend": 335.88},{"Average": 336.14, "Date": "1979-01-01", "Decimal Date": 1979.042, "Interpolated": 336.14, "Number of Days": 27.0, "Trend": 336.22},{"Average": 336.69, "Date": "1979-02-01", "Decimal Date": 1979.125, "Interpolated": 336.69, "Number of Days": 26.0, "Trend": 336.01},{"Average": 338.27, "Date": "1979-03-01", "Decimal Date": 1979.208, "Interpolated": 338.27, "Number of Days": 21.0, "Trend": 336.54},{"Average": 338.95, "Date": "1979-04-01", "Decimal Date": 1979.292, "Interpolated": 338.95, "Number of Days": 21.0, "Trend": 336.24},{"Average": 339.21, "Date": "1979-05-01", "Decimal Date": 1979.375, "Interpolated": 339.21, "Number of Days": 12.0, "Trend": 336.21},{"Average": 339.26, "Date": "1979-06-01", "Decimal Date": 1979.458, "Interpolated": 339.26, "Number of Days": 19.0, "Trend": 336.84},{"Average": 337.54, "Date": "1979-07-01", "Decimal Date": 1979.542, "Interpolated": 337.54, "Number of Days": 26.0, "Trend": 336.72},{"Average": 335.75, "Date": "1979-08-01", "Decimal Date": 1979.625, "Interpolated": 335.75, "Number of Days": 23.0, "Trend": 337.24},{"Average": 333.98, "Date": "1979-09-01", "Decimal Date": 1979.708, "Interpolated": 333.98, "Number of Days": 19.0, "Trend": 337.2},{"Average": 334.19, "Date": "1979-10-01", "Decimal Date": 1979.792, "Interpolated": 334.19, "Number of Days": 24.0, "Trend": 337.53},{"Average": 335.31, "Date": "1979-11-01", "Decimal Date": 1979.875, "Interpolated": 335.31, "Number of Days": 27.0, "Trend": 337.57},{"Average": 336.81, "Date": "1979-12-01", "Decimal Date": 1979.958, "Interpolated": 336.81, "Number of Days": 22.0, "Trend": 337.79},{"Average": 337.9, "Date": "1980-01-01", "Decimal Date": 1980.042, "Interpolated": 337.9, "Number of Days": 29.0, "Trend": 338.09},{"Average": 338.34, "Date": "1980-02-01", "Decimal Date": 1980.125, "Interpolated": 338.34, "Number of Days": 26.0, "Trend": 337.82},{"Average": 340.01, "Date": "1980-03-01", "Decimal Date": 1980.208, "Interpolated": 340.01, "Number of Days": 25.0, "Trend": 338.43},{"Average": 340.93, "Date": "1980-04-01", "Decimal Date": 1980.292, "Interpolated": 340.93, "Number of Days": 24.0, "Trend": 338.3},{"Average": 341.48, "Date": "1980-05-01", "Decimal Date": 1980.375, "Interpolated": 341.48, "Number of Days": 25.0, "Trend": 338.43},{"Average": 341.33, "Date": "1980-06-01", "Decimal Date": 1980.458, "Interpolated": 341.33, "Number of Days": 22.0, "Trend": 338.84},{"Average": 339.4, "Date": "1980-07-01", "Decimal Date": 1980.542, "Interpolated": 339.4, "Number of Days": 21.0, "Trend": 338.54},{"Average": 337.7, "Date": "1980-08-01", "Decimal Date": 1980.625, "Interpolated": 337.7, "Number of Days": 17.0, "Trend": 339.12},{"Average": 336.19, "Date": "1980-09-01", "Decimal Date": 1980.708, "Interpolated": 336.19, "Number of Days": 17.0, "Trend": 339.33},{"Average": 336.15, "Date": "1980-10-01", "Decimal Date": 1980.792, "Interpolated": 336.15, "Number of Days": 25.0, "Trend": 339.42},{"Average": 337.27, "Date": "1980-11-01", "Decimal Date": 1980.875, "Interpolated": 337.27, "Number of Days": 24.0, "Trend": 339.42},{"Average": 338.32, "Date": "1980-12-01", "Decimal Date": 1980.958, "Interpolated": 338.32, "Number of Days": 19.0, "Trend": 339.26},{"Average": 339.29, "Date": "1981-01-01", "Decimal Date": 1981.042, "Interpolated": 339.29, "Number of Days": 28.0, "Trend": 339.38},{"Average": 340.55, "Date": "1981-02-01", "Decimal Date": 1981.125, "Interpolated": 340.55, "Number of Days": 25.0, "Trend": 339.93},{"Average": 341.61, "Date": "1981-03-01", "Decimal Date": 1981.208, "Interpolated": 341.61, "Number of Days": 25.0, "Trend": 340.06},{"Average": 342.53, "Date": "1981-04-01", "Decimal Date": 1981.292, "Interpolated": 342.53, "Number of Days": 24.0, "Trend": 339.94},{"Average": 343.03, "Date": "1981-05-01", "Decimal Date": 1981.375, "Interpolated": 343.03, "Number of Days": 30.0, "Trend": 339.98},{"Average": 342.54, "Date": "1981-06-01", "Decimal Date": 1981.458, "Interpolated": 342.54, "Number of Days": 25.0, "Trend": 340.07},{"Average": 340.78, "Date": "1981-07-01", "Decimal Date": 1981.542, "Interpolated": 340.78, "Number of Days": 24.0, "Trend": 339.92},{"Average": 338.44, "Date": "1981-08-01", "Decimal Date": 1981.625, "Interpolated": 338.44, "Number of Days": 26.0, "Trend": 339.86},{"Average": 336.95, "Date": "1981-09-01", "Decimal Date": 1981.708, "Interpolated": 336.95, "Number of Days": 27.0, "Trend": 340.17},{"Average": 337.08, "Date": "1981-10-01", "Decimal Date": 1981.792, "Interpolated": 337.08, "Number of Days": 28.0, "Trend": 340.43},{"Average": 338.58, "Date": "1981-11-01", "Decimal Date": 1981.875, "Interpolated": 338.58, "Number of Days": 25.0, "Trend": 340.74},{"Average": 339.88, "Date": "1981-12-01", "Decimal Date": 1981.958, "Interpolated": 339.88, "Number of Days": 19.0, "Trend": 340.79},{"Average": 340.96, "Date": "1982-01-01", "Decimal Date": 1982.042, "Interpolated": 340.96, "Number of Days": 27.0, "Trend": 341.1},{"Average": 341.73, "Date": "1982-02-01", "Decimal Date": 1982.125, "Interpolated": 341.73, "Number of Days": 23.0, "Trend": 341.1},{"Average": 342.81, "Date": "1982-03-01", "Decimal Date": 1982.208, "Interpolated": 342.81, "Number of Days": 18.0, "Trend": 341.21},{"Average": 343.97, "Date": "1982-04-01", "Decimal Date": 1982.292, "Interpolated": 343.97, "Number of Days": 8.0, "Trend": 341.37},{"Average": 344.63, "Date": "1982-05-01", "Decimal Date": 1982.375, "Interpolated": 344.63, "Number of Days": 26.0, "Trend": 341.56},{"Average": 343.79, "Date": "1982-06-01", "Decimal Date": 1982.458, "Interpolated": 343.79, "Number of Days": 26.0, "Trend": 341.35},{"Average": 342.32, "Date": "1982-07-01", "Decimal Date": 1982.542, "Interpolated": 342.32, "Number of Days": 28.0, "Trend": 341.55},{"Average": 340.09, "Date": "1982-08-01", "Decimal Date": 1982.625, "Interpolated": 340.09, "Number of Days": 24.0, "Trend": 341.51},{"Average": 338.28, "Date": "1982-09-01", "Decimal Date": 1982.708, "Interpolated": 338.28, "Number of Days": 21.0, "Trend": 341.47},{"Average": 338.29, "Date": "1982-10-01", "Decimal Date": 1982.792, "Interpolated": 338.29, "Number of Days": 26.0, "Trend": 341.65},{"Average": 339.6, "Date": "1982-11-01", "Decimal Date": 1982.875, "Interpolated": 339.6, "Number of Days": 25.0, "Trend": 341.73},{"Average": 340.9, "Date": "1982-12-01", "Decimal Date": 1982.958, "Interpolated": 340.9, "Number of Days": 26.0, "Trend": 341.79},{"Average": 341.68, "Date": "1983-01-01", "Decimal Date": 1983.042, "Interpolated": 341.68, "Number of Days": 28.0, "Trend": 341.84},{"Average": 342.9, "Date": "1983-02-01", "Decimal Date": 1983.125, "Interpolated": 342.9, "Number of Days": 24.0, "Trend": 342.32},{"Average": 343.33, "Date": "1983-03-01", "Decimal Date": 1983.208, "Interpolated": 343.33, "Number of Days": 26.0, "Trend": 341.82},{"Average": 345.25, "Date": "1983-04-01", "Decimal Date": 1983.292, "Interpolated": 345.25, "Number of Days": 24.0, "Trend": 342.66},{"Average": 346.03, "Date": "1983-05-01", "Decimal Date": 1983.375, "Interpolated": 346.03, "Number of Days": 28.0, "Trend": 342.87},{"Average": 345.63, "Date": "1983-06-01", "Decimal Date": 1983.458, "Interpolated": 345.63, "Number of Days": 20.0, "Trend": 343.15},{"Average": 344.19, "Date": "1983-07-01", "Decimal Date": 1983.542, "Interpolated": 344.19, "Number of Days": 20.0, "Trend": 343.44},{"Average": 342.27, "Date": "1983-08-01", "Decimal Date": 1983.625, "Interpolated": 342.27, "Number of Days": 16.0, "Trend": 343.66},{"Average": 340.35, "Date": "1983-09-01", "Decimal Date": 1983.708, "Interpolated": 340.35, "Number of Days": 15.0, "Trend": 343.49},{"Average": 340.38, "Date": "1983-10-01", "Decimal Date": 1983.792, "Interpolated": 340.38, "Number of Days": 20.0, "Trend": 343.72},{"Average": 341.59, "Date": "1983-11-01", "Decimal Date": 1983.875, "Interpolated": 341.59, "Number of Days": 26.0, "Trend": 343.71},{"Average": 343.05, "Date": "1983-12-01", "Decimal Date": 1983.958, "Interpolated": 343.05, "Number of Days": 19.0, "Trend": 343.96},{"Average": 344.1, "Date": "1984-01-01", "Decimal Date": 1984.042, "Interpolated": 344.1, "Number of Days": 23.0, "Trend": 344.2},{"Average": 344.79, "Date": "1984-02-01", "Decimal Date": 1984.125, "Interpolated": 344.79, "Number of Days": 23.0, "Trend": 344.22},{"Average": 345.52, "Date": "1984-03-01", "Decimal Date": 1984.208, "Interpolated": 345.52, "Number of Days": 19.0, "Trend": 344.09},{"Average": -99.99, "Date": "1984-04-01", "Decimal Date": 1984.292, "Interpolated": 346.84, "Number of Days": 2.0, "Trend": 344.27},{"Average": 347.63, "Date": "1984-05-01", "Decimal Date": 1984.375, "Interpolated": 347.63, "Number of Days": 21.0, "Trend": 344.45},{"Average": 346.97, "Date": "1984-06-01", "Decimal Date": 1984.458, "Interpolated": 346.97, "Number of Days": 21.0, "Trend": 344.51},{"Average": 345.53, "Date": "1984-07-01", "Decimal Date": 1984.542, "Interpolated": 345.53, "Number of Days": 21.0, "Trend": 344.76},{"Average": 343.55, "Date": "1984-08-01", "Decimal Date": 1984.625, "Interpolated": 343.55, "Number of Days": 12.0, "Trend": 344.94},{"Average": 341.4, "Date": "1984-09-01", "Decimal Date": 1984.708, "Interpolated": 341.4, "Number of Days": 14.0, "Trend": 344.58},{"Average": 341.67, "Date": "1984-10-01", "Decimal Date": 1984.792, "Interpolated": 341.67, "Number of Days": 12.0, "Trend": 345.01},{"Average": 343.1, "Date": "1984-11-01", "Decimal Date": 1984.875, "Interpolated": 343.1, "Number of Days": 18.0, "Trend": 345.2},{"Average": 344.7, "Date": "1984-12-01", "Decimal Date": 1984.958, "Interpolated": 344.7, "Number of Days": 12.0, "Trend": 345.57},{"Average": 345.21, "Date": "1985-01-01", "Decimal Date": 1985.042, "Interpolated": 345.21, "Number of Days": 23.0, "Trend": 345.31},{"Average": 346.16, "Date": "1985-02-01", "Decimal Date": 1985.125, "Interpolated": 346.16, "Number of Days": 17.0, "Trend": 345.61},{"Average": 347.74, "Date": "1985-03-01", "Decimal Date": 1985.208, "Interpolated": 347.74, "Number of Days": 16.0, "Trend": 346.37},{"Average": 348.34, "Date": "1985-04-01", "Decimal Date": 1985.292, "Interpolated": 348.34, "Number of Days": 19.0, "Trend": 345.79},{"Average": 349.06, "Date": "1985-05-01", "Decimal Date": 1985.375, "Interpolated": 349.06, "Number of Days": 24.0, "Trend": 345.91},{"Average": 348.38, "Date": "1985-06-01", "Decimal Date": 1985.458, "Interpolated": 348.38, "Number of Days": 23.0, "Trend": 345.94},{"Average": 346.71, "Date": "1985-07-01", "Decimal Date": 1985.542, "Interpolated": 346.71, "Number of Days": 18.0, "Trend": 345.89},{"Average": 345.02, "Date": "1985-08-01", "Decimal Date": 1985.625, "Interpolated": 345.02, "Number of Days": 18.0, "Trend": 346.34},{"Average": 343.27, "Date": "1985-09-01", "Decimal Date": 1985.708, "Interpolated": 343.27, "Number of Days": 25.0, "Trend": 346.4},{"Average": 343.13, "Date": "1985-10-01", "Decimal Date": 1985.792, "Interpolated": 343.13, "Number of Days": 20.0, "Trend": 346.42},{"Average": 344.49, "Date": "1985-11-01", "Decimal Date": 1985.875, "Interpolated": 344.49, "Number of Days": 22.0, "Trend": 346.61},{"Average": 345.88, "Date": "1985-12-01", "Decimal Date": 1985.958, "Interpolated": 345.88, "Number of Days": 25.0, "Trend": 346.81},{"Average": 346.56, "Date": "1986-01-01", "Decimal Date": 1986.042, "Interpolated": 346.56, "Number of Days": 23.0, "Trend": 346.59},{"Average": 347.28, "Date": "1986-02-01", "Decimal Date": 1986.125, "Interpolated": 347.28, "Number of Days": 25.0, "Trend": 346.74},{"Average": 348.01, "Date": "1986-03-01", "Decimal Date": 1986.208, "Interpolated": 348.01, "Number of Days": 17.0, "Trend": 346.68},{"Average": 349.77, "Date": "1986-04-01", "Decimal Date": 1986.292, "Interpolated": 349.77, "Number of Days": 22.0, "Trend": 347.22},{"Average": 350.38, "Date": "1986-05-01", "Decimal Date": 1986.375, "Interpolated": 350.38, "Number of Days": 18.0, "Trend": 347.26},{"Average": 349.93, "Date": "1986-06-01", "Decimal Date": 1986.458, "Interpolated": 349.93, "Number of Days": 17.0, "Trend": 347.52},{"Average": 348.16, "Date": "1986-07-01", "Decimal Date": 1986.542, "Interpolated": 348.16, "Number of Days": 20.0, "Trend": 347.33},{"Average": 346.08, "Date": "1986-08-01", "Decimal Date": 1986.625, "Interpolated": 346.08, "Number of Days": 18.0, "Trend": 347.41},{"Average": 345.22, "Date": "1986-09-01", "Decimal Date": 1986.708, "Interpolated": 345.22, "Number of Days": 17.0, "Trend": 348.35},{"Average": 344.51, "Date": "1986-10-01", "Decimal Date": 1986.792, "Interpolated": 344.51, "Number of Days": 26.0, "Trend": 347.77},{"Average": 345.93, "Date": "1986-11-01", "Decimal Date": 1986.875, "Interpolated": 345.93, "Number of Days": 23.0, "Trend": 348.04},{"Average": 347.22, "Date": "1986-12-01", "Decimal Date": 1986.958, "Interpolated": 347.22, "Number of Days": 24.0, "Trend": 348.13},{"Average": 348.52, "Date": "1987-01-01", "Decimal Date": 1987.042, "Interpolated": 348.52, "Number of Days": 26.0, "Trend": 348.47},{"Average": 348.73, "Date": "1987-02-01", "Decimal Date": 1987.125, "Interpolated": 348.73, "Number of Days": 25.0, "Trend": 348.02},{"Average": 349.73, "Date": "1987-03-01", "Decimal Date": 1987.208, "Interpolated": 349.73, "Number of Days": 22.0, "Trend": 348.3},{"Average": 351.31, "Date": "1987-04-01", "Decimal Date": 1987.292, "Interpolated": 351.31, "Number of Days": 26.0, "Trend": 348.77},{"Average": 352.09, "Date": "1987-05-01", "Decimal Date": 1987.375, "Interpolated": 352.09, "Number of Days": 27.0, "Trend": 349.01},{"Average": 351.53, "Date": "1987-06-01", "Decimal Date": 1987.458, "Interpolated": 351.53, "Number of Days": 21.0, "Trend": 349.2},{"Average": 350.11, "Date": "1987-07-01", "Decimal Date": 1987.542, "Interpolated": 350.11, "Number of Days": 16.0, "Trend": 349.39},{"Average": 348.08, "Date": "1987-08-01", "Decimal Date": 1987.625, "Interpolated": 348.08, "Number of Days": 14.0, "Trend": 349.5},{"Average": 346.52, "Date": "1987-09-01", "Decimal Date": 1987.708, "Interpolated": 346.52, "Number of Days": 23.0, "Trend": 349.7},{"Average": 346.59, "Date": "1987-10-01", "Decimal Date": 1987.792, "Interpolated": 346.59, "Number of Days": 22.0, "Trend": 349.86},{"Average": 347.96, "Date": "1987-11-01", "Decimal Date": 1987.875, "Interpolated": 347.96, "Number of Days": 22.0, "Trend": 350.07},{"Average": 349.16, "Date": "1987-12-01", "Decimal Date": 1987.958, "Interpolated": 349.16, "Number of Days": 27.0, "Trend": 350.05},{"Average": 350.39, "Date": "1988-01-01", "Decimal Date": 1988.042, "Interpolated": 350.39, "Number of Days": 24.0, "Trend": 350.38},{"Average": 351.64, "Date": "1988-02-01", "Decimal Date": 1988.125, "Interpolated": 351.64, "Number of Days": 24.0, "Trend": 350.94},{"Average": 352.41, "Date": "1988-03-01", "Decimal Date": 1988.208, "Interpolated": 352.41, "Number of Days": 25.0, "Trend": 350.87},{"Average": 353.69, "Date": "1988-04-01", "Decimal Date": 1988.292, "Interpolated": 353.69, "Number of Days": 27.0, "Trend": 351.01},{"Average": 354.21, "Date": "1988-05-01", "Decimal Date": 1988.375, "Interpolated": 354.21, "Number of Days": 28.0, "Trend": 351.06},{"Average": 353.72, "Date": "1988-06-01", "Decimal Date": 1988.458, "Interpolated": 353.72, "Number of Days": 26.0, "Trend": 351.37},{"Average": 352.69, "Date": "1988-07-01", "Decimal Date": 1988.542, "Interpolated": 352.69, "Number of Days": 27.0, "Trend": 352.02},{"Average": 350.4, "Date": "1988-08-01", "Decimal Date": 1988.625, "Interpolated": 350.4, "Number of Days": 26.0, "Trend": 351.9},{"Average": 348.92, "Date": "1988-09-01", "Decimal Date": 1988.708, "Interpolated": 348.92, "Number of Days": 27.0, "Trend": 352.13},{"Average": 349.13, "Date": "1988-10-01", "Decimal Date": 1988.792, "Interpolated": 349.13, "Number of Days": 26.0, "Trend": 352.41},{"Average": 350.2, "Date": "1988-11-01", "Decimal Date": 1988.875, "Interpolated": 350.2, "Number of Days": 25.0, "Trend": 352.34},{"Average": 351.41, "Date": "1988-12-01", "Decimal Date": 1988.958, "Interpolated": 351.41, "Number of Days": 28.0, "Trend": 352.35},{"Average": 352.91, "Date": "1989-01-01", "Decimal Date": 1989.042, "Interpolated": 352.91, "Number of Days": 27.0, "Trend": 352.85},{"Average": 353.27, "Date": "1989-02-01", "Decimal Date": 1989.125, "Interpolated": 353.27, "Number of Days": 25.0, "Trend": 352.54},{"Average": 353.96, "Date": "1989-03-01", "Decimal Date": 1989.208, "Interpolated": 353.96, "Number of Days": 29.0, "Trend": 352.47},{"Average": 355.64, "Date": "1989-04-01", "Decimal Date": 1989.292, "Interpolated": 355.64, "Number of Days": 28.0, "Trend": 352.97},{"Average": 355.86, "Date": "1989-05-01", "Decimal Date": 1989.375, "Interpolated": 355.86, "Number of Days": 28.0, "Trend": 352.67},{"Average": 355.37, "Date": "1989-06-01", "Decimal Date": 1989.458, "Interpolated": 355.37, "Number of Days": 26.0, "Trend": 352.97},{"Average": 353.99, "Date": "1989-07-01", "Decimal Date": 1989.542, "Interpolated": 353.99, "Number of Days": 25.0, "Trend": 353.3},{"Average": 351.81, "Date": "1989-08-01", "Decimal Date": 1989.625, "Interpolated": 351.81, "Number of Days": 24.0, "Trend": 353.37},{"Average": 350.05, "Date": "1989-09-01", "Decimal Date": 1989.708, "Interpolated": 350.05, "Number of Days": 23.0, "Trend": 353.32},{"Average": 350.25, "Date": "1989-10-01", "Decimal Date": 1989.792, "Interpolated": 350.25, "Number of Days": 25.0, "Trend": 353.52},{"Average": 351.49, "Date": "1989-11-01", "Decimal Date": 1989.875, "Interpolated": 351.49, "Number of Days": 27.0, "Trend": 353.65},{"Average": 352.85, "Date": "1989-12-01", "Decimal Date": 1989.958, "Interpolated": 352.85, "Number of Days": 27.0, "Trend": 353.8},{"Average": 353.8, "Date": "1990-01-01", "Decimal Date": 1990.042, "Interpolated": 353.8, "Number of Days": 25.0, "Trend": 353.75},{"Average": 355.04, "Date": "1990-02-01", "Decimal Date": 1990.125, "Interpolated": 355.04, "Number of Days": 28.0, "Trend": 354.33},{"Average": 355.73, "Date": "1990-03-01", "Decimal Date": 1990.208, "Interpolated": 355.73, "Number of Days": 28.0, "Trend": 354.24},{"Average": 356.32, "Date": "1990-04-01", "Decimal Date": 1990.292, "Interpolated": 356.32, "Number of Days": 28.0, "Trend": 353.68},{"Average": 357.32, "Date": "1990-05-01", "Decimal Date": 1990.375, "Interpolated": 357.32, "Number of Days": 29.0, "Trend": 354.16},{"Average": 356.34, "Date": "1990-06-01", "Decimal Date": 1990.458, "Interpolated": 356.34, "Number of Days": 29.0, "Trend": 353.97},{"Average": 354.84, "Date": "1990-07-01", "Decimal Date": 1990.542, "Interpolated": 354.84, "Number of Days": 30.0, "Trend": 354.19},{"Average": 353.01, "Date": "1990-08-01", "Decimal Date": 1990.625, "Interpolated": 353.01, "Number of Days": 22.0, "Trend": 354.61},{"Average": 351.31, "Date": "1990-09-01", "Decimal Date": 1990.708, "Interpolated": 351.31, "Number of Days": 27.0, "Trend": 354.61},{"Average": 351.62, "Date": "1990-10-01", "Decimal Date": 1990.792, "Interpolated": 351.62, "Number of Days": 28.0, "Trend": 354.89},{"Average": 353.07, "Date": "1990-11-01", "Decimal Date": 1990.875, "Interpolated": 353.07, "Number of Days": 24.0, "Trend": 355.13},{"Average": 354.33, "Date": "1990-12-01", "Decimal Date": 1990.958, "Interpolated": 354.33, "Number of Days": 28.0, "Trend": 355.19},{"Average": 354.84, "Date": "1991-01-01", "Decimal Date": 1991.042, "Interpolated": 354.84, "Number of Days": 28.0, "Trend": 354.82},{"Average": 355.73, "Date": "1991-02-01", "Decimal Date": 1991.125, "Interpolated": 355.73, "Number of Days": 27.0, "Trend": 355.02},{"Average": 357.23, "Date": "1991-03-01", "Decimal Date": 1991.208, "Interpolated": 357.23, "Number of Days": 30.0, "Trend": 355.67},{"Average": 358.66, "Date": "1991-04-01", "Decimal Date": 1991.292, "Interpolated": 358.66, "Number of Days": 30.0, "Trend": 356.02},{"Average": 359.13, "Date": "1991-05-01", "Decimal Date": 1991.375, "Interpolated": 359.13, "Number of Days": 29.0, "Trend": 356.0},{"Average": 358.13, "Date": "1991-06-01", "Decimal Date": 1991.458, "Interpolated": 358.13, "Number of Days": 29.0, "Trend": 355.8},{"Average": 356.19, "Date": "1991-07-01", "Decimal Date": 1991.542, "Interpolated": 356.19, "Number of Days": 24.0, "Trend": 355.59},{"Average": 353.85, "Date": "1991-08-01", "Decimal Date": 1991.625, "Interpolated": 353.85, "Number of Days": 25.0, "Trend": 355.46},{"Average": 352.25, "Date": "1991-09-01", "Decimal Date": 1991.708, "Interpolated": 352.25, "Number of Days": 27.0, "Trend": 355.56},{"Average": 352.35, "Date": "1991-10-01", "Decimal Date": 1991.792, "Interpolated": 352.35, "Number of Days": 27.0, "Trend": 355.61},{"Average": 353.81, "Date": "1991-11-01", "Decimal Date": 1991.875, "Interpolated": 353.81, "Number of Days": 28.0, "Trend": 355.8},{"Average": 355.12, "Date": "1991-12-01", "Decimal Date": 1991.958, "Interpolated": 355.12, "Number of Days": 30.0, "Trend": 355.93},{"Average": 356.25, "Date": "1992-01-01", "Decimal Date": 1992.042, "Interpolated": 356.25, "Number of Days": 31.0, "Trend": 356.2},{"Average": 357.11, "Date": "1992-02-01", "Decimal Date": 1992.125, "Interpolated": 357.11, "Number of Days": 27.0, "Trend": 356.38},{"Average": 357.86, "Date": "1992-03-01", "Decimal Date": 1992.208, "Interpolated": 357.86, "Number of Days": 24.0, "Trend": 356.27},{"Average": 359.09, "Date": "1992-04-01", "Decimal Date": 1992.292, "Interpolated": 359.09, "Number of Days": 27.0, "Trend": 356.39},{"Average": 359.59, "Date": "1992-05-01", "Decimal Date": 1992.375, "Interpolated": 359.59, "Number of Days": 26.0, "Trend": 356.41},{"Average": 359.33, "Date": "1992-06-01", "Decimal Date": 1992.458, "Interpolated": 359.33, "Number of Days": 30.0, "Trend": 356.97},{"Average": 357.01, "Date": "1992-07-01", "Decimal Date": 1992.542, "Interpolated": 357.01, "Number of Days": 26.0, "Trend": 356.44},{"Average": 354.94, "Date": "1992-08-01", "Decimal Date": 1992.625, "Interpolated": 354.94, "Number of Days": 23.0, "Trend": 356.62},{"Average": 352.96, "Date": "1992-09-01", "Decimal Date": 1992.708, "Interpolated": 352.96, "Number of Days": 26.0, "Trend": 356.29},{"Average": 353.32, "Date": "1992-10-01", "Decimal Date": 1992.792, "Interpolated": 353.32, "Number of Days": 29.0, "Trend": 356.63},{"Average": 354.32, "Date": "1992-11-01", "Decimal Date": 1992.875, "Interpolated": 354.32, "Number of Days": 29.0, "Trend": 356.38},{"Average": 355.57, "Date": "1992-12-01", "Decimal Date": 1992.958, "Interpolated": 355.57, "Number of Days": 31.0, "Trend": 356.39},{"Average": 357.0, "Date": "1993-01-01", "Decimal Date": 1993.042, "Interpolated": 357.0, "Number of Days": 28.0, "Trend": 356.96},{"Average": 357.31, "Date": "1993-02-01", "Decimal Date": 1993.125, "Interpolated": 357.31, "Number of Days": 28.0, "Trend": 356.44},{"Average": 358.47, "Date": "1993-03-01", "Decimal Date": 1993.208, "Interpolated": 358.47, "Number of Days": 30.0, "Trend": 356.76},{"Average": 359.27, "Date": "1993-04-01", "Decimal Date": 1993.292, "Interpolated": 359.27, "Number of Days": 25.0, "Trend": 356.59},{"Average": 360.19, "Date": "1993-05-01", "Decimal Date": 1993.375, "Interpolated": 360.19, "Number of Days": 30.0, "Trend": 357.03},{"Average": 359.52, "Date": "1993-06-01", "Decimal Date": 1993.458, "Interpolated": 359.52, "Number of Days": 28.0, "Trend": 357.12},{"Average": 357.33, "Date": "1993-07-01", "Decimal Date": 1993.542, "Interpolated": 357.33, "Number of Days": 25.0, "Trend": 356.76},{"Average": 355.64, "Date": "1993-08-01", "Decimal Date": 1993.625, "Interpolated": 355.64, "Number of Days": 27.0, "Trend": 357.32},{"Average": 354.03, "Date": "1993-09-01", "Decimal Date": 1993.708, "Interpolated": 354.03, "Number of Days": 23.0, "Trend": 357.39},{"Average": 354.12, "Date": "1993-10-01", "Decimal Date": 1993.792, "Interpolated": 354.12, "Number of Days": 28.0, "Trend": 357.49},{"Average": 355.41, "Date": "1993-11-01", "Decimal Date": 1993.875, "Interpolated": 355.41, "Number of Days": 29.0, "Trend": 357.54},{"Average": 356.91, "Date": "1993-12-01", "Decimal Date": 1993.958, "Interpolated": 356.91, "Number of Days": 30.0, "Trend": 357.8},{"Average": 358.24, "Date": "1994-01-01", "Decimal Date": 1994.042, "Interpolated": 358.24, "Number of Days": 27.0, "Trend": 358.13},{"Average": 358.92, "Date": "1994-02-01", "Decimal Date": 1994.125, "Interpolated": 358.92, "Number of Days": 25.0, "Trend": 358.09},{"Average": 359.99, "Date": "1994-03-01", "Decimal Date": 1994.208, "Interpolated": 359.99, "Number of Days": 29.0, "Trend": 358.29},{"Average": 361.23, "Date": "1994-04-01", "Decimal Date": 1994.292, "Interpolated": 361.23, "Number of Days": 28.0, "Trend": 358.46},{"Average": 361.65, "Date": "1994-05-01", "Decimal Date": 1994.375, "Interpolated": 361.65, "Number of Days": 30.0, "Trend": 358.46},{"Average": 360.81, "Date": "1994-06-01", "Decimal Date": 1994.458, "Interpolated": 360.81, "Number of Days": 27.0, "Trend": 358.44},{"Average": 359.38, "Date": "1994-07-01", "Decimal Date": 1994.542, "Interpolated": 359.38, "Number of Days": 31.0, "Trend": 358.79},{"Average": 357.46, "Date": "1994-08-01", "Decimal Date": 1994.625, "Interpolated": 357.46, "Number of Days": 24.0, "Trend": 359.16},{"Average": 355.73, "Date": "1994-09-01", "Decimal Date": 1994.708, "Interpolated": 355.73, "Number of Days": 24.0, "Trend": 359.17},{"Average": 356.07, "Date": "1994-10-01", "Decimal Date": 1994.792, "Interpolated": 356.07, "Number of Days": 28.0, "Trend": 359.49},{"Average": 357.53, "Date": "1994-11-01", "Decimal Date": 1994.875, "Interpolated": 357.53, "Number of Days": 28.0, "Trend": 359.68},{"Average": 358.98, "Date": "1994-12-01", "Decimal Date": 1994.958, "Interpolated": 358.98, "Number of Days": 28.0, "Trend": 359.83},{"Average": 359.92, "Date": "1995-01-01", "Decimal Date": 1995.042, "Interpolated": 359.92, "Number of Days": 30.0, "Trend": 359.79},{"Average": 360.86, "Date": "1995-02-01", "Decimal Date": 1995.125, "Interpolated": 360.86, "Number of Days": 28.0, "Trend": 360.05},{"Average": 361.83, "Date": "1995-03-01", "Decimal Date": 1995.208, "Interpolated": 361.83, "Number of Days": 29.0, "Trend": 360.22},{"Average": 363.3, "Date": "1995-04-01", "Decimal Date": 1995.292, "Interpolated": 363.3, "Number of Days": 29.0, "Trend": 360.62},{"Average": 363.69, "Date": "1995-05-01", "Decimal Date": 1995.375, "Interpolated": 363.69, "Number of Days": 29.0, "Trend": 360.58},{"Average": 363.19, "Date": "1995-06-01", "Decimal Date": 1995.458, "Interpolated": 363.19, "Number of Days": 27.0, "Trend": 360.84},{"Average": 361.64, "Date": "1995-07-01", "Decimal Date": 1995.542, "Interpolated": 361.64, "Number of Days": 28.0, "Trend": 360.97},{"Average": 359.12, "Date": "1995-08-01", "Decimal Date": 1995.625, "Interpolated": 359.12, "Number of Days": 25.0, "Trend": 360.73},{"Average": 358.17, "Date": "1995-09-01", "Decimal Date": 1995.708, "Interpolated": 358.17, "Number of Days": 24.0, "Trend": 361.55},{"Average": 357.99, "Date": "1995-10-01", "Decimal Date": 1995.792, "Interpolated": 357.99, "Number of Days": 29.0, "Trend": 361.37},{"Average": 359.45, "Date": "1995-11-01", "Decimal Date": 1995.875, "Interpolated": 359.45, "Number of Days": 27.0, "Trend": 361.59},{"Average": 360.68, "Date": "1995-12-01", "Decimal Date": 1995.958, "Interpolated": 360.68, "Number of Days": 30.0, "Trend": 361.53},{"Average": 362.07, "Date": "1996-01-01", "Decimal Date": 1996.042, "Interpolated": 362.07, "Number of Days": 29.0, "Trend": 361.85},{"Average": 363.24, "Date": "1996-02-01", "Decimal Date": 1996.125, "Interpolated": 363.24, "Number of Days": 27.0, "Trend": 362.35},{"Average": 364.17, "Date": "1996-03-01", "Decimal Date": 1996.208, "Interpolated": 364.17, "Number of Days": 27.0, "Trend": 362.53},{"Average": 364.57, "Date": "1996-04-01", "Decimal Date": 1996.292, "Interpolated": 364.57, "Number of Days": 29.0, "Trend": 361.86},{"Average": 365.13, "Date": "1996-05-01", "Decimal Date": 1996.375, "Interpolated": 365.13, "Number of Days": 30.0, "Trend": 362.1},{"Average": 364.92, "Date": "1996-06-01", "Decimal Date": 1996.458, "Interpolated": 364.92, "Number of Days": 30.0, "Trend": 362.69},{"Average": 363.55, "Date": "1996-07-01", "Decimal Date": 1996.542, "Interpolated": 363.55, "Number of Days": 31.0, "Trend": 362.85},{"Average": 361.38, "Date": "1996-08-01", "Decimal Date": 1996.625, "Interpolated": 361.38, "Number of Days": 28.0, "Trend": 362.98},{"Average": 359.54, "Date": "1996-09-01", "Decimal Date": 1996.708, "Interpolated": 359.54, "Number of Days": 25.0, "Trend": 362.99},{"Average": 359.58, "Date": "1996-10-01", "Decimal Date": 1996.792, "Interpolated": 359.58, "Number of Days": 29.0, "Trend": 362.97},{"Average": 360.89, "Date": "1996-11-01", "Decimal Date": 1996.875, "Interpolated": 360.89, "Number of Days": 29.0, "Trend": 363.03},{"Average": 362.24, "Date": "1996-12-01", "Decimal Date": 1996.958, "Interpolated": 362.24, "Number of Days": 29.0, "Trend": 363.08},{"Average": 363.09, "Date": "1997-01-01", "Decimal Date": 1997.042, "Interpolated": 363.09, "Number of Days": 31.0, "Trend": 362.88},{"Average": 364.03, "Date": "1997-02-01", "Decimal Date": 1997.125, "Interpolated": 364.03, "Number of Days": 27.0, "Trend": 363.22},{"Average": 364.51, "Date": "1997-03-01", "Decimal Date": 1997.208, "Interpolated": 364.51, "Number of Days": 31.0, "Trend": 362.88},{"Average": 366.35, "Date": "1997-04-01", "Decimal Date": 1997.292, "Interpolated": 366.35, "Number of Days": 21.0, "Trend": 363.68},{"Average": 366.64, "Date": "1997-05-01", "Decimal Date": 1997.375, "Interpolated": 366.64, "Number of Days": 29.0, "Trend": 363.74},{"Average": 365.59, "Date": "1997-06-01", "Decimal Date": 1997.458, "Interpolated": 365.59, "Number of Days": 27.0, "Trend": 363.41},{"Average": 364.31, "Date": "1997-07-01", "Decimal Date": 1997.542, "Interpolated": 364.31, "Number of Days": 24.0, "Trend": 363.6},{"Average": 362.25, "Date": "1997-08-01", "Decimal Date": 1997.625, "Interpolated": 362.25, "Number of Days": 25.0, "Trend": 363.84},{"Average": 360.29, "Date": "1997-09-01", "Decimal Date": 1997.708, "Interpolated": 360.29, "Number of Days": 26.0, "Trend": 363.68},{"Average": 360.82, "Date": "1997-10-01", "Decimal Date": 1997.792, "Interpolated": 360.82, "Number of Days": 27.0, "Trend": 364.12},{"Average": 362.49, "Date": "1997-11-01", "Decimal Date": 1997.875, "Interpolated": 362.49, "Number of Days": 30.0, "Trend": 364.56},{"Average": 364.38, "Date": "1997-12-01", "Decimal Date": 1997.958, "Interpolated": 364.38, "Number of Days": 30.0, "Trend": 365.15},{"Average": 365.26, "Date": "1998-01-01", "Decimal Date": 1998.042, "Interpolated": 365.26, "Number of Days": 30.0, "Trend": 365.07},{"Average": 365.98, "Date": "1998-02-01", "Decimal Date": 1998.125, "Interpolated": 365.98, "Number of Days": 28.0, "Trend": 365.17},{"Average": 367.24, "Date": "1998-03-01", "Decimal Date": 1998.208, "Interpolated": 367.24, "Number of Days": 31.0, "Trend": 365.6},{"Average": 368.66, "Date": "1998-04-01", "Decimal Date": 1998.292, "Interpolated": 368.66, "Number of Days": 29.0, "Trend": 366.03},{"Average": 369.42, "Date": "1998-05-01", "Decimal Date": 1998.375, "Interpolated": 369.42, "Number of Days": 30.0, "Trend": 366.55},{"Average": 368.99, "Date": "1998-06-01", "Decimal Date": 1998.458, "Interpolated": 368.99, "Number of Days": 28.0, "Trend": 366.8},{"Average": 367.82, "Date": "1998-07-01", "Decimal Date": 1998.542, "Interpolated": 367.82, "Number of Days": 23.0, "Trend": 367.14},{"Average": 365.95, "Date": "1998-08-01", "Decimal Date": 1998.625, "Interpolated": 365.95, "Number of Days": 30.0, "Trend": 367.55},{"Average": 364.02, "Date": "1998-09-01", "Decimal Date": 1998.708, "Interpolated": 364.02, "Number of Days": 28.0, "Trend": 367.37},{"Average": 364.4, "Date": "1998-10-01", "Decimal Date": 1998.792, "Interpolated": 364.4, "Number of Days": 30.0, "Trend": 367.67},{"Average": 365.52, "Date": "1998-11-01", "Decimal Date": 1998.875, "Interpolated": 365.52, "Number of Days": 23.0, "Trend": 367.56},{"Average": 367.13, "Date": "1998-12-01", "Decimal Date": 1998.958, "Interpolated": 367.13, "Number of Days": 26.0, "Trend": 367.88},{"Average": 368.18, "Date": "1999-01-01", "Decimal Date": 1999.042, "Interpolated": 368.18, "Number of Days": 27.0, "Trend": 367.96},{"Average": 369.07, "Date": "1999-02-01", "Decimal Date": 1999.125, "Interpolated": 369.07, "Number of Days": 22.0, "Trend": 368.26},{"Average": 369.68, "Date": "1999-03-01", "Decimal Date": 1999.208, "Interpolated": 369.68, "Number of Days": 25.0, "Trend": 368.08},{"Average": 370.99, "Date": "1999-04-01", "Decimal Date": 1999.292, "Interpolated": 370.99, "Number of Days": 29.0, "Trend": 368.45},{"Average": 370.96, "Date": "1999-05-01", "Decimal Date": 1999.375, "Interpolated": 370.96, "Number of Days": 26.0, "Trend": 368.15},{"Average": 370.3, "Date": "1999-06-01", "Decimal Date": 1999.458, "Interpolated": 370.3, "Number of Days": 26.0, "Trend": 368.13},{"Average": 369.45, "Date": "1999-07-01", "Decimal Date": 1999.542, "Interpolated": 369.45, "Number of Days": 27.0, "Trend": 368.77},{"Average": 366.9, "Date": "1999-08-01", "Decimal Date": 1999.625, "Interpolated": 366.9, "Number of Days": 25.0, "Trend": 368.48},{"Average": 364.81, "Date": "1999-09-01", "Decimal Date": 1999.708, "Interpolated": 364.81, "Number of Days": 28.0, "Trend": 368.13},{"Average": 365.37, "Date": "1999-10-01", "Decimal Date": 1999.792, "Interpolated": 365.37, "Number of Days": 31.0, "Trend": 368.64},{"Average": 366.72, "Date": "1999-11-01", "Decimal Date": 1999.875, "Interpolated": 366.72, "Number of Days": 28.0, "Trend": 368.71},{"Average": 368.1, "Date": "1999-12-01", "Decimal Date": 1999.958, "Interpolated": 368.1, "Number of Days": 26.0, "Trend": 368.77},{"Average": 369.29, "Date": "2000-01-01", "Decimal Date": 2000.042, "Interpolated": 369.29, "Number of Days": 26.0, "Trend": 369.08},{"Average": 369.54, "Date": "2000-02-01", "Decimal Date": 2000.125, "Interpolated": 369.54, "Number of Days": 19.0, "Trend": 368.83},{"Average": 370.6, "Date": "2000-03-01", "Decimal Date": 2000.208, "Interpolated": 370.6, "Number of Days": 30.0, "Trend": 369.09},{"Average": 371.81, "Date": "2000-04-01", "Decimal Date": 2000.292, "Interpolated": 371.81, "Number of Days": 27.0, "Trend": 369.28},{"Average": 371.58, "Date": "2000-05-01", "Decimal Date": 2000.375, "Interpolated": 371.58, "Number of Days": 28.0, "Trend": 368.71},{"Average": 371.7, "Date": "2000-06-01", "Decimal Date": 2000.458, "Interpolated": 371.7, "Number of Days": 28.0, "Trend": 369.5},{"Average": 369.86, "Date": "2000-07-01", "Decimal Date": 2000.542, "Interpolated": 369.86, "Number of Days": 25.0, "Trend": 369.2},{"Average": 368.13, "Date": "2000-08-01", "Decimal Date": 2000.625, "Interpolated": 368.13, "Number of Days": 27.0, "Trend": 369.72},{"Average": 367.0, "Date": "2000-09-01", "Decimal Date": 2000.708, "Interpolated": 367.0, "Number of Days": 26.0, "Trend": 370.3},{"Average": 367.03, "Date": "2000-10-01", "Decimal Date": 2000.792, "Interpolated": 367.03, "Number of Days": 30.0, "Trend": 370.26},{"Average": 368.37, "Date": "2000-11-01", "Decimal Date": 2000.875, "Interpolated": 368.37, "Number of Days": 25.0, "Trend": 370.32},{"Average": 369.67, "Date": "2000-12-01", "Decimal Date": 2000.958, "Interpolated": 369.67, "Number of Days": 30.0, "Trend": 370.3},{"Average": 370.59, "Date": "2001-01-01", "Decimal Date": 2001.042, "Interpolated": 370.59, "Number of Days": 30.0, "Trend": 370.43},{"Average": 371.51, "Date": "2001-02-01", "Decimal Date": 2001.125, "Interpolated": 371.51, "Number of Days": 26.0, "Trend": 370.78},{"Average": 372.43, "Date": "2001-03-01", "Decimal Date": 2001.208, "Interpolated": 372.43, "Number of Days": 26.0, "Trend": 370.87},{"Average": 373.37, "Date": "2001-04-01", "Decimal Date": 2001.292, "Interpolated": 373.37, "Number of Days": 29.0, "Trend": 370.81},{"Average": 373.85, "Date": "2001-05-01", "Decimal Date": 2001.375, "Interpolated": 373.85, "Number of Days": 24.0, "Trend": 370.94},{"Average": 373.21, "Date": "2001-06-01", "Decimal Date": 2001.458, "Interpolated": 373.21, "Number of Days": 26.0, "Trend": 370.99},{"Average": 371.51, "Date": "2001-07-01", "Decimal Date": 2001.542, "Interpolated": 371.51, "Number of Days": 25.0, "Trend": 370.9},{"Average": 369.61, "Date": "2001-08-01", "Decimal Date": 2001.625, "Interpolated": 369.61, "Number of Days": 27.0, "Trend": 371.22},{"Average": 368.18, "Date": "2001-09-01", "Decimal Date": 2001.708, "Interpolated": 368.18, "Number of Days": 28.0, "Trend": 371.44},{"Average": 368.45, "Date": "2001-10-01", "Decimal Date": 2001.792, "Interpolated": 368.45, "Number of Days": 31.0, "Trend": 371.69},{"Average": 369.76, "Date": "2001-11-01", "Decimal Date": 2001.875, "Interpolated": 369.76, "Number of Days": 24.0, "Trend": 371.74},{"Average": 371.24, "Date": "2001-12-01", "Decimal Date": 2001.958, "Interpolated": 371.24, "Number of Days": 29.0, "Trend": 371.92},{"Average": 372.53, "Date": "2002-01-01", "Decimal Date": 2002.042, "Interpolated": 372.53, "Number of Days": 28.0, "Trend": 372.3},{"Average": 373.2, "Date": "2002-02-01", "Decimal Date": 2002.125, "Interpolated": 373.2, "Number of Days": 28.0, "Trend": 372.33},{"Average": 374.12, "Date": "2002-03-01", "Decimal Date": 2002.208, "Interpolated": 374.12, "Number of Days": 24.0, "Trend": 372.44},{"Average": 375.02, "Date": "2002-04-01", "Decimal Date": 2002.292, "Interpolated": 375.02, "Number of Days": 29.0, "Trend": 372.37},{"Average": 375.76, "Date": "2002-05-01", "Decimal Date": 2002.375, "Interpolated": 375.76, "Number of Days": 29.0, "Trend": 372.81},{"Average": 375.52, "Date": "2002-06-01", "Decimal Date": 2002.458, "Interpolated": 375.52, "Number of Days": 28.0, "Trend": 373.3},{"Average": 374.01, "Date": "2002-07-01", "Decimal Date": 2002.542, "Interpolated": 374.01, "Number of Days": 26.0, "Trend": 373.42},{"Average": 371.85, "Date": "2002-08-01", "Decimal Date": 2002.625, "Interpolated": 371.85, "Number of Days": 28.0, "Trend": 373.52},{"Average": 370.75, "Date": "2002-09-01", "Decimal Date": 2002.708, "Interpolated": 370.75, "Number of Days": 23.0, "Trend": 374.11},{"Average": 370.55, "Date": "2002-10-01", "Decimal Date": 2002.792, "Interpolated": 370.55, "Number of Days": 31.0, "Trend": 373.88},{"Average": 372.25, "Date": "2002-11-01", "Decimal Date": 2002.875, "Interpolated": 372.25, "Number of Days": 29.0, "Trend": 374.34},{"Average": 373.79, "Date": "2002-12-01", "Decimal Date": 2002.958, "Interpolated": 373.79, "Number of Days": 31.0, "Trend": 374.53},{"Average": 374.88, "Date": "2003-01-01", "Decimal Date": 2003.042, "Interpolated": 374.88, "Number of Days": 30.0, "Trend": 374.63},{"Average": 375.64, "Date": "2003-02-01", "Decimal Date": 2003.125, "Interpolated": 375.64, "Number of Days": 27.0, "Trend": 374.77},{"Average": 376.45, "Date": "2003-03-01", "Decimal Date": 2003.208, "Interpolated": 376.45, "Number of Days": 28.0, "Trend": 374.8},{"Average": 377.73, "Date": "2003-04-01", "Decimal Date": 2003.292, "Interpolated": 377.73, "Number of Days": 27.0, "Trend": 375.06},{"Average": 378.6, "Date": "2003-05-01", "Decimal Date": 2003.375, "Interpolated": 378.6, "Number of Days": 30.0, "Trend": 375.55},{"Average": 378.28, "Date": "2003-06-01", "Decimal Date": 2003.458, "Interpolated": 378.28, "Number of Days": 25.0, "Trend": 376.03},{"Average": 376.7, "Date": "2003-07-01", "Decimal Date": 2003.542, "Interpolated": 376.7, "Number of Days": 29.0, "Trend": 376.19},{"Average": 374.38, "Date": "2003-08-01", "Decimal Date": 2003.625, "Interpolated": 374.38, "Number of Days": 23.0, "Trend": 376.08},{"Average": 373.17, "Date": "2003-09-01", "Decimal Date": 2003.708, "Interpolated": 373.17, "Number of Days": 25.0, "Trend": 376.48},{"Average": 373.14, "Date": "2003-10-01", "Decimal Date": 2003.792, "Interpolated": 373.14, "Number of Days": 30.0, "Trend": 376.47},{"Average": 374.66, "Date": "2003-11-01", "Decimal Date": 2003.875, "Interpolated": 374.66, "Number of Days": 26.0, "Trend": 376.81},{"Average": 375.99, "Date": "2003-12-01", "Decimal Date": 2003.958, "Interpolated": 375.99, "Number of Days": 27.0, "Trend": 376.75},{"Average": 377.0, "Date": "2004-01-01", "Decimal Date": 2004.042, "Interpolated": 377.0, "Number of Days": 30.0, "Trend": 376.78},{"Average": 377.87, "Date": "2004-02-01", "Decimal Date": 2004.125, "Interpolated": 377.87, "Number of Days": 29.0, "Trend": 377.02},{"Average": 378.88, "Date": "2004-03-01", "Decimal Date": 2004.208, "Interpolated": 378.88, "Number of Days": 28.0, "Trend": 377.23},{"Average": 380.35, "Date": "2004-04-01", "Decimal Date": 2004.292, "Interpolated": 380.35, "Number of Days": 26.0, "Trend": 377.62},{"Average": 380.62, "Date": "2004-05-01", "Decimal Date": 2004.375, "Interpolated": 380.62, "Number of Days": 28.0, "Trend": 377.48},{"Average": 379.69, "Date": "2004-06-01", "Decimal Date": 2004.458, "Interpolated": 379.69, "Number of Days": 21.0, "Trend": 377.39},{"Average": 377.47, "Date": "2004-07-01", "Decimal Date": 2004.542, "Interpolated": 377.47, "Number of Days": 25.0, "Trend": 376.94},{"Average": 376.01, "Date": "2004-08-01", "Decimal Date": 2004.625, "Interpolated": 376.01, "Number of Days": 16.0, "Trend": 377.74},{"Average": 374.25, "Date": "2004-09-01", "Decimal Date": 2004.708, "Interpolated": 374.25, "Number of Days": 15.0, "Trend": 377.62},{"Average": 374.46, "Date": "2004-10-01", "Decimal Date": 2004.792, "Interpolated": 374.46, "Number of Days": 29.0, "Trend": 377.82},{"Average": 376.16, "Date": "2004-11-01", "Decimal Date": 2004.875, "Interpolated": 376.16, "Number of Days": 29.0, "Trend": 378.31},{"Average": 377.51, "Date": "2004-12-01", "Decimal Date": 2004.958, "Interpolated": 377.51, "Number of Days": 30.0, "Trend": 378.31},{"Average": 378.46, "Date": "2005-01-01", "Decimal Date": 2005.042, "Interpolated": 378.46, "Number of Days": 31.0, "Trend": 378.21},{"Average": 379.73, "Date": "2005-02-01", "Decimal Date": 2005.125, "Interpolated": 379.73, "Number of Days": 24.0, "Trend": 378.93},{"Average": 380.77, "Date": "2005-03-01", "Decimal Date": 2005.208, "Interpolated": 380.77, "Number of Days": 26.0, "Trend": 379.27},{"Average": 382.29, "Date": "2005-04-01", "Decimal Date": 2005.292, "Interpolated": 382.29, "Number of Days": 26.0, "Trend": 379.65},{"Average": 382.45, "Date": "2005-05-01", "Decimal Date": 2005.375, "Interpolated": 382.45, "Number of Days": 31.0, "Trend": 379.31},{"Average": 382.21, "Date": "2005-06-01", "Decimal Date": 2005.458, "Interpolated": 382.21, "Number of Days": 28.0, "Trend": 379.88},{"Average": 380.74, "Date": "2005-07-01", "Decimal Date": 2005.542, "Interpolated": 380.74, "Number of Days": 29.0, "Trend": 380.18},{"Average": 378.74, "Date": "2005-08-01", "Decimal Date": 2005.625, "Interpolated": 378.74, "Number of Days": 26.0, "Trend": 380.42},{"Average": 376.7, "Date": "2005-09-01", "Decimal Date": 2005.708, "Interpolated": 376.7, "Number of Days": 26.0, "Trend": 380.01},{"Average": 377.0, "Date": "2005-10-01", "Decimal Date": 2005.792, "Interpolated": 377.0, "Number of Days": 14.0, "Trend": 380.3},{"Average": 378.35, "Date": "2005-11-01", "Decimal Date": 2005.875, "Interpolated": 378.35, "Number of Days": 23.0, "Trend": 380.5},{"Average": 380.11, "Date": "2005-12-01", "Decimal Date": 2005.958, "Interpolated": 380.11, "Number of Days": 26.0, "Trend": 380.9},{"Average": 381.38, "Date": "2006-01-01", "Decimal Date": 2006.042, "Interpolated": 381.38, "Number of Days": 24.0, "Trend": 381.14},{"Average": 382.19, "Date": "2006-02-01", "Decimal Date": 2006.125, "Interpolated": 382.19, "Number of Days": 25.0, "Trend": 381.38},{"Average": 382.67, "Date": "2006-03-01", "Decimal Date": 2006.208, "Interpolated": 382.67, "Number of Days": 30.0, "Trend": 381.14},{"Average": 384.61, "Date": "2006-04-01", "Decimal Date": 2006.292, "Interpolated": 384.61, "Number of Days": 25.0, "Trend": 381.91},{"Average": 385.03, "Date": "2006-05-01", "Decimal Date": 2006.375, "Interpolated": 385.03, "Number of Days": 24.0, "Trend": 381.87},{"Average": 384.05, "Date": "2006-06-01", "Decimal Date": 2006.458, "Interpolated": 384.05, "Number of Days": 28.0, "Trend": 381.75},{"Average": 382.46, "Date": "2006-07-01", "Decimal Date": 2006.542, "Interpolated": 382.46, "Number of Days": 24.0, "Trend": 381.91},{"Average": 380.41, "Date": "2006-08-01", "Decimal Date": 2006.625, "Interpolated": 380.41, "Number of Days": 27.0, "Trend": 382.08},{"Average": 378.85, "Date": "2006-09-01", "Decimal Date": 2006.708, "Interpolated": 378.85, "Number of Days": 27.0, "Trend": 382.16},{"Average": 379.13, "Date": "2006-10-01", "Decimal Date": 2006.792, "Interpolated": 379.13, "Number of Days": 23.0, "Trend": 382.46},{"Average": 380.15, "Date": "2006-11-01", "Decimal Date": 2006.875, "Interpolated": 380.15, "Number of Days": 29.0, "Trend": 382.33},{"Average": 381.82, "Date": "2006-12-01", "Decimal Date": 2006.958, "Interpolated": 381.82, "Number of Days": 27.0, "Trend": 382.64},{"Average": 382.89, "Date": "2007-01-01", "Decimal Date": 2007.042, "Interpolated": 382.89, "Number of Days": 24.0, "Trend": 382.67},{"Average": 383.9, "Date": "2007-02-01", "Decimal Date": 2007.125, "Interpolated": 383.9, "Number of Days": 21.0, "Trend": 383.01},{"Average": 384.58, "Date": "2007-03-01", "Decimal Date": 2007.208, "Interpolated": 384.58, "Number of Days": 26.0, "Trend": 382.94},{"Average": 386.5, "Date": "2007-04-01", "Decimal Date": 2007.292, "Interpolated": 386.5, "Number of Days": 26.0, "Trend": 383.71},{"Average": 386.56, "Date": "2007-05-01", "Decimal Date": 2007.375, "Interpolated": 386.56, "Number of Days": 29.0, "Trend": 383.34},{"Average": 386.1, "Date": "2007-06-01", "Decimal Date": 2007.458, "Interpolated": 386.1, "Number of Days": 26.0, "Trend": 383.84},{"Average": 384.5, "Date": "2007-07-01", "Decimal Date": 2007.542, "Interpolated": 384.5, "Number of Days": 27.0, "Trend": 384.02},{"Average": 381.99, "Date": "2007-08-01", "Decimal Date": 2007.625, "Interpolated": 381.99, "Number of Days": 22.0, "Trend": 383.7},{"Average": 380.96, "Date": "2007-09-01", "Decimal Date": 2007.708, "Interpolated": 380.96, "Number of Days": 21.0, "Trend": 384.32},{"Average": 381.12, "Date": "2007-10-01", "Decimal Date": 2007.792, "Interpolated": 381.12, "Number of Days": 29.0, "Trend": 384.47},{"Average": 382.45, "Date": "2007-11-01", "Decimal Date": 2007.875, "Interpolated": 382.45, "Number of Days": 30.0, "Trend": 384.65},{"Average": 383.95, "Date": "2007-12-01", "Decimal Date": 2007.958, "Interpolated": 383.95, "Number of Days": 21.0, "Trend": 384.83},{"Average": 385.52, "Date": "2008-01-01", "Decimal Date": 2008.042, "Interpolated": 385.52, "Number of Days": 31.0, "Trend": 385.28},{"Average": 385.82, "Date": "2008-02-01", "Decimal Date": 2008.125, "Interpolated": 385.82, "Number of Days": 26.0, "Trend": 384.96},{"Average": 386.03, "Date": "2008-03-01", "Decimal Date": 2008.208, "Interpolated": 386.03, "Number of Days": 30.0, "Trend": 384.48},{"Average": 387.21, "Date": "2008-04-01", "Decimal Date": 2008.292, "Interpolated": 387.21, "Number of Days": 24.0, "Trend": 384.58},{"Average": 388.54, "Date": "2008-05-01", "Decimal Date": 2008.375, "Interpolated": 388.54, "Number of Days": 25.0, "Trend": 385.45},{"Average": 387.76, "Date": "2008-06-01", "Decimal Date": 2008.458, "Interpolated": 387.76, "Number of Days": 23.0, "Trend": 385.46},{"Average": 386.36, "Date": "2008-07-01", "Decimal Date": 2008.542, "Interpolated": 386.36, "Number of Days": 10.0, "Trend": 385.8},{"Average": 384.09, "Date": "2008-08-01", "Decimal Date": 2008.625, "Interpolated": 384.09, "Number of Days": 25.0, "Trend": 385.75},{"Average": 383.18, "Date": "2008-09-01", "Decimal Date": 2008.708, "Interpolated": 383.18, "Number of Days": 27.0, "Trend": 386.46},{"Average": 382.99, "Date": "2008-10-01", "Decimal Date": 2008.792, "Interpolated": 382.99, "Number of Days": 23.0, "Trend": 386.27},{"Average": 384.19, "Date": "2008-11-01", "Decimal Date": 2008.875, "Interpolated": 384.19, "Number of Days": 28.0, "Trend": 386.37},{"Average": 385.56, "Date": "2008-12-01", "Decimal Date": 2008.958, "Interpolated": 385.56, "Number of Days": 29.0, "Trend": 386.41},{"Average": 386.94, "Date": "2009-01-01", "Decimal Date": 2009.042, "Interpolated": 386.94, "Number of Days": 30.0, "Trend": 386.63},{"Average": 387.48, "Date": "2009-02-01", "Decimal Date": 2009.125, "Interpolated": 387.48, "Number of Days": 26.0, "Trend": 386.59},{"Average": 388.82, "Date": "2009-03-01", "Decimal Date": 2009.208, "Interpolated": 388.82, "Number of Days": 28.0, "Trend": 387.32},{"Average": 389.55, "Date": "2009-04-01", "Decimal Date": 2009.292, "Interpolated": 389.55, "Number of Days": 29.0, "Trend": 386.92},{"Average": 390.14, "Date": "2009-05-01", "Decimal Date": 2009.375, "Interpolated": 390.14, "Number of Days": 30.0, "Trend": 387.02},{"Average": 389.48, "Date": "2009-06-01", "Decimal Date": 2009.458, "Interpolated": 389.48, "Number of Days": 29.0, "Trend": 387.24},{"Average": 388.03, "Date": "2009-07-01", "Decimal Date": 2009.542, "Interpolated": 388.03, "Number of Days": 22.0, "Trend": 387.55},{"Average": 386.11, "Date": "2009-08-01", "Decimal Date": 2009.625, "Interpolated": 386.11, "Number of Days": 27.0, "Trend": 387.8},{"Average": 384.74, "Date": "2009-09-01", "Decimal Date": 2009.708, "Interpolated": 384.74, "Number of Days": 28.0, "Trend": 388.01},{"Average": 384.43, "Date": "2009-10-01", "Decimal Date": 2009.792, "Interpolated": 384.43, "Number of Days": 30.0, "Trend": 387.68},{"Average": 386.02, "Date": "2009-11-01", "Decimal Date": 2009.875, "Interpolated": 386.02, "Number of Days": 30.0, "Trend": 388.16},{"Average": 387.42, "Date": "2009-12-01", "Decimal Date": 2009.958, "Interpolated": 387.42, "Number of Days": 20.0, "Trend": 388.23},{"Average": 388.71, "Date": "2010-01-01", "Decimal Date": 2010.042, "Interpolated": 388.71, "Number of Days": 30.0, "Trend": 388.41},{"Average": 390.2, "Date": "2010-02-01", "Decimal Date": 2010.125, "Interpolated": 390.2, "Number of Days": 20.0, "Trend": 389.26},{"Average": 391.17, "Date": "2010-03-01", "Decimal Date": 2010.208, "Interpolated": 391.17, "Number of Days": 25.0, "Trend": 389.65},{"Average": 392.46, "Date": "2010-04-01", "Decimal Date": 2010.292, "Interpolated": 392.46, "Number of Days": 26.0, "Trend": 389.89},{"Average": 393.0, "Date": "2010-05-01", "Decimal Date": 2010.375, "Interpolated": 393.0, "Number of Days": 28.0, "Trend": 389.88},{"Average": 392.15, "Date": "2010-06-01", "Decimal Date": 2010.458, "Interpolated": 392.15, "Number of Days": 28.0, "Trend": 389.89},{"Average": 390.2, "Date": "2010-07-01", "Decimal Date": 2010.542, "Interpolated": 390.2, "Number of Days": 29.0, "Trend": 389.72},{"Average": 388.35, "Date": "2010-08-01", "Decimal Date": 2010.625, "Interpolated": 388.35, "Number of Days": 26.0, "Trend": 390.01},{"Average": 386.85, "Date": "2010-09-01", "Decimal Date": 2010.708, "Interpolated": 386.85, "Number of Days": 29.0, "Trend": 390.14},{"Average": 387.24, "Date": "2010-10-01", "Decimal Date": 2010.792, "Interpolated": 387.24, "Number of Days": 31.0, "Trend": 390.53},{"Average": 388.67, "Date": "2010-11-01", "Decimal Date": 2010.875, "Interpolated": 388.67, "Number of Days": 28.0, "Trend": 390.79},{"Average": 389.79, "Date": "2010-12-01", "Decimal Date": 2010.958, "Interpolated": 389.79, "Number of Days": 29.0, "Trend": 390.6},{"Average": 391.33, "Date": "2011-01-01", "Decimal Date": 2011.042, "Interpolated": 391.33, "Number of Days": 29.0, "Trend": 391.03},{"Average": 391.86, "Date": "2011-02-01", "Decimal Date": 2011.125, "Interpolated": 391.86, "Number of Days": 28.0, "Trend": 390.94},{"Average": 392.6, "Date": "2011-03-01", "Decimal Date": 2011.208, "Interpolated": 392.6, "Number of Days": 29.0, "Trend": 391.07},{"Average": 393.25, "Date": "2011-04-01", "Decimal Date": 2011.292, "Interpolated": 393.25, "Number of Days": 28.0, "Trend": 390.63},{"Average": 394.19, "Date": "2011-05-01", "Decimal Date": 2011.375, "Interpolated": 394.19, "Number of Days": 30.0, "Trend": 391.02},{"Average": 393.73, "Date": "2011-06-01", "Decimal Date": 2011.458, "Interpolated": 393.73, "Number of Days": 28.0, "Trend": 391.44},{"Average": 392.51, "Date": "2011-07-01", "Decimal Date": 2011.542, "Interpolated": 392.51, "Number of Days": 26.0, "Trend": 392.04},{"Average": 390.13, "Date": "2011-08-01", "Decimal Date": 2011.625, "Interpolated": 390.13, "Number of Days": 27.0, "Trend": 391.83},{"Average": 389.08, "Date": "2011-09-01", "Decimal Date": 2011.708, "Interpolated": 389.08, "Number of Days": 26.0, "Trend": 392.4},{"Average": 389.0, "Date": "2011-10-01", "Decimal Date": 2011.792, "Interpolated": 389.0, "Number of Days": 31.0, "Trend": 392.33},{"Average": 390.28, "Date": "2011-11-01", "Decimal Date": 2011.875, "Interpolated": 390.28, "Number of Days": 28.0, "Trend": 392.44},{"Average": 391.86, "Date": "2011-12-01", "Decimal Date": 2011.958, "Interpolated": 391.86, "Number of Days": 28.0, "Trend": 392.66},{"Average": 393.12, "Date": "2012-01-01", "Decimal Date": 2012.042, "Interpolated": 393.12, "Number of Days": 30.0, "Trend": 392.89},{"Average": 393.86, "Date": "2012-02-01", "Decimal Date": 2012.125, "Interpolated": 393.86, "Number of Days": 26.0, "Trend": 393.04},{"Average": 394.4, "Date": "2012-03-01", "Decimal Date": 2012.208, "Interpolated": 394.4, "Number of Days": 30.0, "Trend": 392.8},{"Average": 396.18, "Date": "2012-04-01", "Decimal Date": 2012.292, "Interpolated": 396.18, "Number of Days": 29.0, "Trend": 393.43},{"Average": 396.74, "Date": "2012-05-01", "Decimal Date": 2012.375, "Interpolated": 396.74, "Number of Days": 30.0, "Trend": 393.54},{"Average": 395.71, "Date": "2012-06-01", "Decimal Date": 2012.458, "Interpolated": 395.71, "Number of Days": 28.0, "Trend": 393.45},{"Average": 394.36, "Date": "2012-07-01", "Decimal Date": 2012.542, "Interpolated": 394.36, "Number of Days": 26.0, "Trend": 393.92},{"Average": 392.39, "Date": "2012-08-01", "Decimal Date": 2012.625, "Interpolated": 392.39, "Number of Days": 30.0, "Trend": 394.17},{"Average": 391.11, "Date": "2012-09-01", "Decimal Date": 2012.708, "Interpolated": 391.11, "Number of Days": 27.0, "Trend": 394.54},{"Average": 391.05, "Date": "2012-10-01", "Decimal Date": 2012.792, "Interpolated": 391.05, "Number of Days": 28.0, "Trend": 394.41},{"Average": 392.98, "Date": "2012-11-01", "Decimal Date": 2012.875, "Interpolated": 392.98, "Number of Days": 29.0, "Trend": 395.02},{"Average": 394.34, "Date": "2012-12-01", "Decimal Date": 2012.958, "Interpolated": 394.34, "Number of Days": 29.0, "Trend": 395.04},{"Average": 395.55, "Date": "2013-01-01", "Decimal Date": 2013.042, "Interpolated": 395.55, "Number of Days": 28.0, "Trend": 395.4},{"Average": 396.8, "Date": "2013-02-01", "Decimal Date": 2013.125, "Interpolated": 396.8, "Number of Days": 25.0, "Trend": 396.01},{"Average": 397.43, "Date": "2013-03-01", "Decimal Date": 2013.208, "Interpolated": 397.43, "Number of Days": 30.0, "Trend": 395.84},{"Average": 398.41, "Date": "2013-04-01", "Decimal Date": 2013.292, "Interpolated": 398.41, "Number of Days": 22.0, "Trend": 395.53},{"Average": 399.78, "Date": "2013-05-01", "Decimal Date": 2013.375, "Interpolated": 399.78, "Number of Days": 28.0, "Trend": 396.4},{"Average": 398.61, "Date": "2013-06-01", "Decimal Date": 2013.458, "Interpolated": 398.61, "Number of Days": 26.0, "Trend": 396.28},{"Average": 397.32, "Date": "2013-07-01", "Decimal Date": 2013.542, "Interpolated": 397.32, "Number of Days": 21.0, "Trend": 396.92},{"Average": 395.2, "Date": "2013-08-01", "Decimal Date": 2013.625, "Interpolated": 395.2, "Number of Days": 27.0, "Trend": 397.08},{"Average": 393.45, "Date": "2013-09-01", "Decimal Date": 2013.708, "Interpolated": 393.45, "Number of Days": 27.0, "Trend": 396.99},{"Average": 393.7, "Date": "2013-10-01", "Decimal Date": 2013.792, "Interpolated": 393.7, "Number of Days": 28.0, "Trend": 397.04},{"Average": 395.16, "Date": "2013-11-01", "Decimal Date": 2013.875, "Interpolated": 395.16, "Number of Days": 30.0, "Trend": 397.15},{"Average": 396.84, "Date": "2013-12-01", "Decimal Date": 2013.958, "Interpolated": 396.84, "Number of Days": 30.0, "Trend": 397.59},{"Average": 397.85, "Date": "2014-01-01", "Decimal Date": 2014.042, "Interpolated": 397.85, "Number of Days": 31.0, "Trend": 397.55},{"Average": 398.01, "Date": "2014-02-01", "Decimal Date": 2014.125, "Interpolated": 398.01, "Number of Days": 26.0, "Trend": 397.21},{"Average": 399.77, "Date": "2014-03-01", "Decimal Date": 2014.208, "Interpolated": 399.77, "Number of Days": 24.0, "Trend": 398.24},{"Average": 401.38, "Date": "2014-04-01", "Decimal Date": 2014.292, "Interpolated": 401.38, "Number of Days": 28.0, "Trend": 398.49},{"Average": 401.78, "Date": "2014-05-01", "Decimal Date": 2014.375, "Interpolated": 401.78, "Number of Days": 22.0, "Trend": 398.37},{"Average": 401.25, "Date": "2014-06-01", "Decimal Date": 2014.458, "Interpolated": 401.25, "Number of Days": 28.0, "Trend": 398.93},{"Average": 399.1, "Date": "2014-07-01", "Decimal Date": 2014.542, "Interpolated": 399.1, "Number of Days": 25.0, "Trend": 398.67},{"Average": 397.03, "Date": "2014-08-01", "Decimal Date": 2014.625, "Interpolated": 397.03, "Number of Days": 21.0, "Trend": 398.92},{"Average": 395.38, "Date": "2014-09-01", "Decimal Date": 2014.708, "Interpolated": 395.38, "Number of Days": 21.0, "Trend": 398.97},{"Average": 396.03, "Date": "2014-10-01", "Decimal Date": 2014.792, "Interpolated": 396.03, "Number of Days": 24.0, "Trend": 399.43},{"Average": 397.28, "Date": "2014-11-01", "Decimal Date": 2014.875, "Interpolated": 397.28, "Number of Days": 27.0, "Trend": 399.36},{"Average": 398.91, "Date": "2014-12-01", "Decimal Date": 2014.958, "Interpolated": 398.91, "Number of Days": 29.0, "Trend": 399.64},{"Average": 399.98, "Date": "2015-01-01", "Decimal Date": 2015.042, "Interpolated": 399.98, "Number of Days": 30.0, "Trend": 399.69},{"Average": 400.28, "Date": "2015-02-01", "Decimal Date": 2015.125, "Interpolated": 400.28, "Number of Days": 27.0, "Trend": 399.51},{"Average": 401.54, "Date": "2015-03-01", "Decimal Date": 2015.208, "Interpolated": 401.54, "Number of Days": 24.0, "Trend": 400.05},{"Average": 403.28, "Date": "2015-04-01", "Decimal Date": 2015.292, "Interpolated": 403.28, "Number of Days": 27.0, "Trend": 400.49},{"Average": 403.96, "Date": "2015-05-01", "Decimal Date": 2015.375, "Interpolated": 403.96, "Number of Days": 30.0, "Trend": 400.63},{"Average": 402.8, "Date": "2015-06-01", "Decimal Date": 2015.458, "Interpolated": 402.8, "Number of Days": 28.0, "Trend": 400.5},{"Average": 401.31, "Date": "2015-07-01", "Decimal Date": 2015.542, "Interpolated": 401.31, "Number of Days": 23.0, "Trend": 400.92},{"Average": 398.93, "Date": "2015-08-01", "Decimal Date": 2015.625, "Interpolated": 398.93, "Number of Days": 28.0, "Trend": 400.84},{"Average": 397.63, "Date": "2015-09-01", "Decimal Date": 2015.708, "Interpolated": 397.63, "Number of Days": 25.0, "Trend": 401.15},{"Average": 398.29, "Date": "2015-10-01", "Decimal Date": 2015.792, "Interpolated": 398.29, "Number of Days": 28.0, "Trend": 401.59},{"Average": 400.16, "Date": "2015-11-01", "Decimal Date": 2015.875, "Interpolated": 400.16, "Number of Days": 27.0, "Trend": 402.13},{"Average": 401.85, "Date": "2015-12-01", "Decimal Date": 2015.958, "Interpolated": 401.85, "Number of Days": 30.0, "Trend": 402.52},{"Average": 402.56, "Date": "2016-01-01", "Decimal Date": 2016.042, "Interpolated": 402.56, "Number of Days": 27.0, "Trend": 402.27},{"Average": 404.12, "Date": "2016-02-01", "Decimal Date": 2016.125, "Interpolated": 404.12, "Number of Days": 25.0, "Trend": 403.34},{"Average": 404.87, "Date": "2016-03-01", "Decimal Date": 2016.208, "Interpolated": 404.87, "Number of Days": 28.0, "Trend": 403.38},{"Average": 407.45, "Date": "2016-04-01", "Decimal Date": 2016.292, "Interpolated": 407.45, "Number of Days": 25.0, "Trend": 404.65},{"Average": 407.72, "Date": "2016-05-01", "Decimal Date": 2016.375, "Interpolated": 407.72, "Number of Days": 29.0, "Trend": 404.4},{"Average": 406.83, "Date": "2016-06-01", "Decimal Date": 2016.458, "Interpolated": 406.83, "Number of Days": 26.0, "Trend": 404.53},{"Average": 404.41, "Date": "2016-07-01", "Decimal Date": 2016.542, "Interpolated": 404.41, "Number of Days": 28.0, "Trend": 404.03},{"Average": 402.27, "Date": "2016-08-01", "Decimal Date": 2016.625, "Interpolated": 402.27, "Number of Days": 23.0, "Trend": 404.18},{"Average": 401.05, "Date": "2016-09-01", "Decimal Date": 2016.708, "Interpolated": 401.05, "Number of Days": 24.0, "Trend": 404.56},{"Average": 401.59, "Date": "2016-10-01", "Decimal Date": 2016.792, "Interpolated": 401.59, "Number of Days": 29.0, "Trend": 404.89},{"Average": 403.55, "Date": "2016-11-01", "Decimal Date": 2016.875, "Interpolated": 403.55, "Number of Days": 27.0, "Trend": 405.53},{"Average": 404.45, "Date": "2016-12-01", "Decimal Date": 2016.958, "Interpolated": 404.45, "Number of Days": 30.0, "Trend": 405.11},{"Average": 406.17, "Date": "2017-01-01", "Decimal Date": 2017.042, "Interpolated": 406.17, "Number of Days": 26.0, "Trend": 405.88},{"Average": 406.46, "Date": "2017-02-01", "Decimal Date": 2017.125, "Interpolated": 406.46, "Number of Days": 26.0, "Trend": 405.68},{"Average": 407.22, "Date": "2017-03-01", "Decimal Date": 2017.208, "Interpolated": 407.22, "Number of Days": 23.0, "Trend": 405.73},{"Average": 409.04, "Date": "2017-04-01", "Decimal Date": 2017.292, "Interpolated": 409.04, "Number of Days": 25.0, "Trend": 406.25},{"Average": 409.69, "Date": "2017-05-01", "Decimal Date": 2017.375, "Interpolated": 409.69, "Number of Days": 27.0, "Trend": 406.36},{"Average": 408.88, "Date": "2017-06-01", "Decimal Date": 2017.458, "Interpolated": 408.88, "Number of Days": 26.0, "Trend": 406.58},{"Average": 407.12, "Date": "2017-07-01", "Decimal Date": 2017.542, "Interpolated": 407.12, "Number of Days": 28.0, "Trend": 406.74},{"Average": 405.13, "Date": "2017-08-01", "Decimal Date": 2017.625, "Interpolated": 405.13, "Number of Days": 29.0, "Trend": 407.04},{"Average": 403.37, "Date": "2017-09-01", "Decimal Date": 2017.708, "Interpolated": 403.37, "Number of Days": 26.0, "Trend": 406.88},{"Average": 403.63, "Date": "2017-10-01", "Decimal Date": 2017.792, "Interpolated": 403.63, "Number of Days": 27.0, "Trend": 406.93},{"Average": 405.12, "Date": "2017-11-01", "Decimal Date": 2017.875, "Interpolated": 405.12, "Number of Days": 26.0, "Trend": 407.09},{"Average": 406.81, "Date": "2017-12-01", "Decimal Date": 2017.958, "Interpolated": 406.81, "Number of Days": 31.0, "Trend": 407.47},{"Average": 407.96, "Date": "2018-01-01", "Decimal Date": 2018.042, "Interpolated": 407.96, "Number of Days": 29.0, "Trend": 407.67},{"Average": 408.32, "Date": "2018-02-01", "Decimal Date": 2018.125, "Interpolated": 408.32, "Number of Days": 28.0, "Trend": 407.54},{"Average": 409.41, "Date": "2018-03-01", "Decimal Date": 2018.208, "Interpolated": 409.41, "Number of Days": 30.0, "Trend": 407.92},{"Average": 410.24, "Date": "2018-04-01", "Decimal Date": 2018.292, "Interpolated": 410.24, "Number of Days": 21.0, "Trend": 407.45},{"Average": 411.24, "Date": "2018-05-01", "Decimal Date": 2018.375, "Interpolated": 411.24, "Number of Days": 24.0, "Trend": 407.91},{"Average": 410.79, "Date": "2018-06-01", "Decimal Date": 2018.458, "Interpolated": 410.79, "Number of Days": 29.0, "Trend": 408.49},{"Average": 408.71, "Date": "2018-07-01", "Decimal Date": 2018.542, "Interpolated": 408.71, "Number of Days": 27.0, "Trend": 408.32},{"Average": 406.99, "Date": "2018-08-01", "Decimal Date": 2018.625, "Interpolated": 406.99, "Number of Days": 30.0, "Trend": 408.9},{"Average": 405.51, "Date": "2018-09-01", "Decimal Date": 2018.708, "Interpolated": 405.51, "Number of Days": 29.0, "Trend": 409.02}]