[{"Annual Increase": 0.94, "Uncertainty": 0.11, "Year": "1959-11-01"},{"Annual Increase": 0.54, "Uncertainty": 0.11, "Year": "1960-11-01"},{"Annual Increase": 0.95, "Uncertainty": 0.11, "Year": "1961-11-01"},{"Annual Increase": 0.64, "Uncertainty": 0.11, "Year": "1962-11-01"},{"Annual Increase": 0.71, "Uncertainty": 0.11, "Year": "1963-11-01"},{"Annual Increase": 0.28, "Uncertainty": 0.11, "Year": "1964-11-01"},{"Annual Increase": 1.02, "Uncertainty": 0.11, "Year": "1965-11-01"},{"Annual Increase": 1.24, "Uncertainty": 0.11, "Year": "1966-11-01"},{"Annual Increase": 0.74, "Uncertainty": 0.11, "Year": "1967-11-01"},{"Annual Increase": 1.03, "Uncertainty": 0.11, "Year": "1968-11-01"},{"Annual Increase": 1.31, "Uncertainty": 0.11, "Year": "1969-11-01"},{"Annual Increase": 1.06, "Uncertainty": 0.11, "Year": "1970-11-01"},{"Annual Increase": 0.84, "Uncertainty": 0.11, "Year": "1971-11-01"},{"Annual Increase": 1.69, "Uncertainty": 0.11, "Year": "1972-11-01"},{"Annual Increase": 1.22, "Uncertainty": 0.11, "Year": "1973-11-01"},{"Annual Increase": 0.81, "Uncertainty": 0.11, "Year": "1974-11-01"},{"Annual Increase": 1.09, "Uncertainty": 0.11, "Year": "1975-11-01"},{"Annual Increase": 0.81, "Uncertainty": 0.11, "Year": "1976-11-01"},{"Annual Increase": 2.16, "Uncertainty": 0.11, "Year": "1977-11-01"},{"Annual Increase": 1.31, "Uncertainty": 0.11, "Year": "1978-11-01"},{"Annual Increase": 1.8, "Uncertainty": 0.11, "Year": "1979-11-01"},{"Annual Increase": 1.68, "Uncertainty": 0.11, "Year": "1980-11-01"},{"Annual Increase": 1.43, "Uncertainty": 0.11, "Year": "1981-11-01"},{"Annual Increase": 0.99, "Uncertainty": 0.11, "Year": "1982-11-01"},{"Annual Increase": 2.1, "Uncertainty": 0.11, "Year": "1983-11-01"},{"Annual Increase": 1.4, "Uncertainty": 0.11, "Year": "1984-11-01"},{"Annual Increase": 1.26, "Uncertainty": 0.11, "Year": "1985-11-01"},{"Annual Increase": 1.48, "Uncertainty": 0.11, "Year": "1986-11-01"},{"Annual Increase": 2.2, "Uncertainty": 0.11, "Year": "1987-11-01"},{"Annual Increase": 2.16, "Uncertainty": 0.11, "Year": "1988-11-01"},{"Annual Increase": 1.36, "Uncertainty": 0.11, "Year": "1989-11-01"},{"Annual Increase": 1.16, "Uncertainty": 0.11, "Year": "1990-11-01"},{"Annual Increase": 1.04, "Uncertainty": 0.11, "Year": "1991-11-01"},{"Annual Increase": 0.46, "Uncertainty": 0.11, "Year": "1992-11-01"},{"Annual Increase": 1.35, "Uncertainty": 0.11, "Year": "1993-11-01"},{"Annual Increase": 1.94, "Uncertainty": 0.11, "Year": "1994-11-01"},{"Annual Increase": 2.0, "Uncertainty": 0.11, "Year": "1995-11-01"},{"Annual Increase": 1.22, "Uncertainty": 0.11, "Year": "1996-11-01"},{"Annual Increase": 1.93, "Uncertainty": 0.11, "Year": "1997-11-01"},{"Annual Increase": 2.93, "Uncertainty": 0.11, "Year": "1998-11-01"},{"Annual Increase": 0.93, "Uncertainty": 0.11, "Year": "1999-11-01"},{"Annual Increase": 1.61, "Uncertainty": 0.11, "Year": "2000-11-01"},{"Annual Increase": 1.61, "Uncertainty": 0.11, "Year": "2001-11-01"},{"Annual Increase": 2.5, "Uncertainty": 0.11, "Year": "2002-11-01"},{"Annual Increase": 2.27, "Uncertainty": 0.11, "Year": "2003-11-01"},{"Annual Increase": 1.6, "Uncertainty": 0.11, "Year": "2004-11-01"},{"Annual Increase": 2.54, "Uncertainty": 0.11, "Year": "2005-11-01"},{"Annual Increase": 1.68, "Uncertainty": 0.11, "Year": "2006-11-01"},{"Annual Increase": 2.27, "Uncertainty": 0.11, "Year": "2007-11-01"},{"Annual Increase": 1.57, "Uncertainty": 0.11, "Year": "2008-11-01"},{"Annual Increase": 2.02, "Uncertainty": 0.11, "Year": "2009-11-01"},{"Annual Increase": 2.32, "Uncertainty": 0.11, "Year": "2010-11-01"},{"Annual Increase": 1.92, "Uncertainty": 0.11, "Year": "2011-11-01"},{"Annual Increase": 2.61, "Uncertainty": 0.11, "Year": "2012-11-01"},{"Annual Increase": 2.01, "Uncertainty": 0.11, "Year": "2013-11-01"},{"Annual Increase": 2.18, "Uncertainty": 0.11, "Year": "2014-11-01"},{"Annual Increase": 3.02, "Uncertainty": 0.11, "Year": "2015-11-01"},{"Annual Increase": 2.99, "Uncertainty": 0.11, "Year": "2016-11-01"},{"Annual Increase": 1.89, "Uncertainty": 0.11, "Year": "2017-11-01"}]