[{"Mean": 338.8, "Uncertainty": 0.1, "Year": "1980-11-01"},{"Mean": 340.0, "Uncertainty": 0.1, "Year": "1981-11-01"},{"Mean": 340.77, "Uncertainty": 0.1, "Year": "1982-11-01"},{"Mean": 342.44, "Uncertainty": 0.1, "Year": "1983-11-01"},{"Mean": 343.99, "Uncertainty": 0.1, "Year": "1984-11-01"},{"Mean": 345.47, "Uncertainty": 0.1, "Year": "1985-11-01"},{"Mean": 346.87, "Uncertainty": 0.1, "Year": "1986-11-01"},{"Mean": 348.62, "Uncertainty": 0.1, "Year": "1987-11-01"},{"Mean": 351.15, "Uncertainty": 0.1, "Year": "1988-11-01"},{"Mean": 352.79, "Uncertainty": 0.1, "Year": "1989-11-01"},{"Mean": 353.98, "Uncertainty": 0.1, "Year": "1990-11-01"},{"Mean": 355.29, "Uncertainty": 0.1, "Year": "1991-11-01"},{"Mean": 355.99, "Uncertainty": 0.1, "Year": "1992-11-01"},{"Mean": 356.71, "Uncertainty": 0.1, "Year": "1993-11-01"},{"Mean": 358.21, "Uncertainty": 0.1, "Year": "1994-11-01"},{"Mean": 360.05, "Uncertainty": 0.1, "Year": "1995-11-01"},{"Mean": 361.79, "Uncertainty": 0.1, "Year": "1996-11-01"},{"Mean": 362.9, "Uncertainty": 0.1, "Year": "1997-11-01"},{"Mean": 365.54, "Uncertainty": 0.1, "Year": "1998-11-01"},{"Mean": 367.64, "Uncertainty": 0.1, "Year": "1999-11-01"},{"Mean": 368.84, "Uncertainty": 0.1, "Year": "2000-11-01"},{"Mean": 370.41, "Uncertainty": 0.1, "Year": "2001-11-01"},{"Mean": 372.42, "Uncertainty": 0.1, "Year": "2002-11-01"},{"Mean": 374.96, "Uncertainty": 0.1, "Year": "2003-11-01"},{"Mean": 376.8, "Uncertainty": 0.1, "Year": "2004-11-01"},{"Mean": 378.81, "Uncertainty": 0.1, "Year": "2005-11-01"},{"Mean": 380.94, "Uncertainty": 0.1, "Year": "2006-11-01"},{"Mean": 382.68, "Uncertainty": 0.1, "Year": "2007-11-01"},{"Mean": 384.78, "Uncertainty": 0.1, "Year": "2008-11-01"},{"Mean": 386.29, "Uncertainty": 0.1, "Year": "2009-11-01"},{"Mean": 388.57, "Uncertainty": 0.1, "Year": "2010-11-01"},{"Mean": 390.45, "Uncertainty": 0.1, "Year": "2011-11-01"},{"Mean": 392.46, "Uncertainty": 0.1, "Year": "2012-11-01"},{"Mean": 395.19, "Uncertainty": 0.1, "Year": "2013-11-01"},{"Mean": 397.12, "Uncertainty": 0.1, "Year": "2014-11-01"},{"Mean": 399.41, "Uncertainty": 0.1, "Year": "2015-11-01"},{"Mean": 402.86, "Uncertainty": 0.1, "Year": "2016-11-01"},{"Mean": 405.0, "Uncertainty": 0.1, "Year": "2017-11-01"}]