[{"Average": 338.45, "Date": "1980-01-01", "Decimal Date": 1980.042, "Trend": 337.83},{"Average": 339.15, "Date": "1980-02-01", "Decimal Date": 1980.125, "Trend": 338.1},{"Average": 339.48, "Date": "1980-03-01", "Decimal Date": 1980.208, "Trend": 338.13},{"Average": 339.87, "Date": "1980-04-01", "Decimal Date": 1980.292, "Trend": 338.25},{"Average": 340.3, "Date": "1980-05-01", "Decimal Date": 1980.375, "Trend": 338.78},{"Average": 339.86, "Date": "1980-06-01", "Decimal Date": 1980.458, "Trend": 339.08},{"Average": 338.34, "Date": "1980-07-01", "Decimal Date": 1980.542, "Trend": 339.19},{"Average": 337.13, "Date": "1980-08-01", "Decimal Date": 1980.625, "Trend": 339.4},{"Average": 336.95, "Date": "1980-09-01", "Decimal Date": 1980.708, "Trend": 339.34},{"Average": 337.72, "Date": "1980-10-01", "Decimal Date": 1980.792, "Trend": 339.06},{"Average": 338.83, "Date": "1980-11-01", "Decimal Date": 1980.875, "Trend": 339.16},{"Average": 339.54, "Date": "1980-12-01", "Decimal Date": 1980.958, "Trend": 339.31},{"Average": 340.09, "Date": "1981-01-01", "Decimal Date": 1981.042, "Trend": 339.46},{"Average": 340.65, "Date": "1981-02-01", "Decimal Date": 1981.125, "Trend": 339.61},{"Average": 341.28, "Date": "1981-03-01", "Decimal Date": 1981.208, "Trend": 339.94},{"Average": 341.57, "Date": "1981-04-01", "Decimal Date": 1981.292, "Trend": 339.96},{"Average": 341.3, "Date": "1981-05-01", "Decimal Date": 1981.375, "Trend": 339.77},{"Average": 340.49, "Date": "1981-06-01", "Decimal Date": 1981.458, "Trend": 339.71},{"Average": 339.1, "Date": "1981-07-01", "Decimal Date": 1981.542, "Trend": 339.94},{"Average": 337.96, "Date": "1981-08-01", "Decimal Date": 1981.625, "Trend": 340.23},{"Average": 337.86, "Date": "1981-09-01", "Decimal Date": 1981.708, "Trend": 340.24},{"Average": 338.96, "Date": "1981-10-01", "Decimal Date": 1981.792, "Trend": 340.3},{"Average": 340.06, "Date": "1981-11-01", "Decimal Date": 1981.875, "Trend": 340.39},{"Average": 340.64, "Date": "1981-12-01", "Decimal Date": 1981.958, "Trend": 340.41},{"Average": 341.27, "Date": "1982-01-01", "Decimal Date": 1982.042, "Trend": 340.66},{"Average": 341.86, "Date": "1982-02-01", "Decimal Date": 1982.125, "Trend": 340.8},{"Average": 342.14, "Date": "1982-03-01", "Decimal Date": 1982.208, "Trend": 340.75},{"Average": 342.42, "Date": "1982-04-01", "Decimal Date": 1982.292, "Trend": 340.81},{"Average": 342.27, "Date": "1982-05-01", "Decimal Date": 1982.375, "Trend": 340.74},{"Average": 341.39, "Date": "1982-06-01", "Decimal Date": 1982.458, "Trend": 340.63},{"Average": 339.66, "Date": "1982-07-01", "Decimal Date": 1982.542, "Trend": 340.52},{"Average": 338.03, "Date": "1982-08-01", "Decimal Date": 1982.625, "Trend": 340.31},{"Average": 338.08, "Date": "1982-09-01", "Decimal Date": 1982.708, "Trend": 340.45},{"Average": 339.53, "Date": "1982-10-01", "Decimal Date": 1982.792, "Trend": 340.87},{"Average": 340.85, "Date": "1982-11-01", "Decimal Date": 1982.875, "Trend": 341.19},{"Average": 341.68, "Date": "1982-12-01", "Decimal Date": 1982.958, "Trend": 341.44},{"Average": 342.28, "Date": "1983-01-01", "Decimal Date": 1983.042, "Trend": 341.62},{"Average": 342.65, "Date": "1983-02-01", "Decimal Date": 1983.125, "Trend": 341.62},{"Average": 342.95, "Date": "1983-03-01", "Decimal Date": 1983.208, "Trend": 341.61},{"Average": 343.42, "Date": "1983-04-01", "Decimal Date": 1983.292, "Trend": 341.84},{"Average": 343.74, "Date": "1983-05-01", "Decimal Date": 1983.375, "Trend": 342.21},{"Average": 343.41, "Date": "1983-06-01", "Decimal Date": 1983.458, "Trend": 342.61},{"Average": 342.05, "Date": "1983-07-01", "Decimal Date": 1983.542, "Trend": 342.81},{"Average": 340.53, "Date": "1983-08-01", "Decimal Date": 1983.625, "Trend": 342.75},{"Average": 340.45, "Date": "1983-09-01", "Decimal Date": 1983.708, "Trend": 342.86},{"Average": 341.66, "Date": "1983-10-01", "Decimal Date": 1983.792, "Trend": 343.07},{"Average": 342.73, "Date": "1983-11-01", "Decimal Date": 1983.875, "Trend": 343.08},{"Average": 343.39, "Date": "1983-12-01", "Decimal Date": 1983.958, "Trend": 343.17},{"Average": 344.23, "Date": "1984-01-01", "Decimal Date": 1984.042, "Trend": 343.57},{"Average": 344.74, "Date": "1984-02-01", "Decimal Date": 1984.125, "Trend": 343.74},{"Average": 344.87, "Date": "1984-03-01", "Decimal Date": 1984.208, "Trend": 343.52},{"Average": 345.1, "Date": "1984-04-01", "Decimal Date": 1984.292, "Trend": 343.47},{"Average": 345.24, "Date": "1984-05-01", "Decimal Date": 1984.375, "Trend": 343.7},{"Average": 344.48, "Date": "1984-06-01", "Decimal Date": 1984.458, "Trend": 343.71},{"Average": 343.11, "Date": "1984-07-01", "Decimal Date": 1984.542, "Trend": 343.92},{"Average": 342.13, "Date": "1984-08-01", "Decimal Date": 1984.625, "Trend": 344.41},{"Average": 342.05, "Date": "1984-09-01", "Decimal Date": 1984.708, "Trend": 344.49},{"Average": 342.91, "Date": "1984-10-01", "Decimal Date": 1984.792, "Trend": 344.29},{"Average": 344.08, "Date": "1984-11-01", "Decimal Date": 1984.875, "Trend": 344.39},{"Average": 344.92, "Date": "1984-12-01", "Decimal Date": 1984.958, "Trend": 344.64},{"Average": 345.28, "Date": "1985-01-01", "Decimal Date": 1985.042, "Trend": 344.59},{"Average": 345.72, "Date": "1985-02-01", "Decimal Date": 1985.125, "Trend": 344.7},{"Average": 346.56, "Date": "1985-03-01", "Decimal Date": 1985.208, "Trend": 345.25},{"Average": 346.86, "Date": "1985-04-01", "Decimal Date": 1985.292, "Trend": 345.25},{"Average": 346.7, "Date": "1985-05-01", "Decimal Date": 1985.375, "Trend": 345.13},{"Average": 346.19, "Date": "1985-06-01", "Decimal Date": 1985.458, "Trend": 345.4},{"Average": 344.87, "Date": "1985-07-01", "Decimal Date": 1985.542, "Trend": 345.69},{"Average": 343.37, "Date": "1985-08-01", "Decimal Date": 1985.625, "Trend": 345.68},{"Average": 343.3, "Date": "1985-09-01", "Decimal Date": 1985.708, "Trend": 345.75},{"Average": 344.57, "Date": "1985-10-01", "Decimal Date": 1985.792, "Trend": 345.96},{"Average": 345.7, "Date": "1985-11-01", "Decimal Date": 1985.875, "Trend": 346.03},{"Average": 346.45, "Date": "1985-12-01", "Decimal Date": 1985.958, "Trend": 346.16},{"Average": 347.0, "Date": "1986-01-01", "Decimal Date": 1986.042, "Trend": 346.32},{"Average": 347.23, "Date": "1986-02-01", "Decimal Date": 1986.125, "Trend": 346.24},{"Average": 347.61, "Date": "1986-03-01", "Decimal Date": 1986.208, "Trend": 346.28},{"Average": 348.13, "Date": "1986-04-01", "Decimal Date": 1986.292, "Trend": 346.51},{"Average": 348.23, "Date": "1986-05-01", "Decimal Date": 1986.375, "Trend": 346.66},{"Average": 347.67, "Date": "1986-06-01", "Decimal Date": 1986.458, "Trend": 346.9},{"Average": 346.21, "Date": "1986-07-01", "Decimal Date": 1986.542, "Trend": 347.05},{"Average": 344.83, "Date": "1986-08-01", "Decimal Date": 1986.625, "Trend": 347.13},{"Average": 344.76, "Date": "1986-09-01", "Decimal Date": 1986.708, "Trend": 347.17},{"Average": 345.94, "Date": "1986-10-01", "Decimal Date": 1986.792, "Trend": 347.31},{"Average": 347.2, "Date": "1986-11-01", "Decimal Date": 1986.875, "Trend": 347.54},{"Average": 347.66, "Date": "1986-12-01", "Decimal Date": 1986.958, "Trend": 347.38},{"Average": 347.92, "Date": "1987-01-01", "Decimal Date": 1987.042, "Trend": 347.14},{"Average": 348.47, "Date": "1987-02-01", "Decimal Date": 1987.125, "Trend": 347.38},{"Average": 349.2, "Date": "1987-03-01", "Decimal Date": 1987.208, "Trend": 347.78},{"Average": 349.89, "Date": "1987-04-01", "Decimal Date": 1987.292, "Trend": 348.2},{"Average": 350.17, "Date": "1987-05-01", "Decimal Date": 1987.375, "Trend": 348.59},{"Average": 349.4, "Date": "1987-06-01", "Decimal Date": 1987.458, "Trend": 348.73},{"Average": 347.84, "Date": "1987-07-01", "Decimal Date": 1987.542, "Trend": 348.82},{"Average": 346.6, "Date": "1987-08-01", "Decimal Date": 1987.625, "Trend": 348.98},{"Average": 346.64, "Date": "1987-09-01", "Decimal Date": 1987.708, "Trend": 349.09},{"Average": 347.91, "Date": "1987-10-01", "Decimal Date": 1987.792, "Trend": 349.3},{"Average": 349.2, "Date": "1987-11-01", "Decimal Date": 1987.875, "Trend": 349.52},{"Average": 350.15, "Date": "1987-12-01", "Decimal Date": 1987.958, "Trend": 349.85},{"Average": 350.87, "Date": "1988-01-01", "Decimal Date": 1988.042, "Trend": 350.08},{"Average": 351.44, "Date": "1988-02-01", "Decimal Date": 1988.125, "Trend": 350.35},{"Average": 351.83, "Date": "1988-03-01", "Decimal Date": 1988.208, "Trend": 350.36},{"Average": 352.28, "Date": "1988-04-01", "Decimal Date": 1988.292, "Trend": 350.51},{"Average": 352.44, "Date": "1988-05-01", "Decimal Date": 1988.375, "Trend": 350.81},{"Average": 351.75, "Date": "1988-06-01", "Decimal Date": 1988.458, "Trend": 351.04},{"Average": 350.26, "Date": "1988-07-01", "Decimal Date": 1988.542, "Trend": 351.24},{"Average": 349.08, "Date": "1988-08-01", "Decimal Date": 1988.625, "Trend": 351.53},{"Average": 349.26, "Date": "1988-09-01", "Decimal Date": 1988.708, "Trend": 351.78},{"Average": 350.44, "Date": "1988-10-01", "Decimal Date": 1988.792, "Trend": 351.87},{"Average": 351.63, "Date": "1988-11-01", "Decimal Date": 1988.875, "Trend": 351.98},{"Average": 352.49, "Date": "1988-12-01", "Decimal Date": 1988.958, "Trend": 352.21},{"Average": 353.04, "Date": "1989-01-01", "Decimal Date": 1989.042, "Trend": 352.22},{"Average": 353.51, "Date": "1989-02-01", "Decimal Date": 1989.125, "Trend": 352.4},{"Average": 354.06, "Date": "1989-03-01", "Decimal Date": 1989.208, "Trend": 352.63},{"Average": 354.44, "Date": "1989-04-01", "Decimal Date": 1989.292, "Trend": 352.66},{"Average": 354.25, "Date": "1989-05-01", "Decimal Date": 1989.375, "Trend": 352.57},{"Average": 353.31, "Date": "1989-06-01", "Decimal Date": 1989.458, "Trend": 352.61},{"Average": 351.57, "Date": "1989-07-01", "Decimal Date": 1989.542, "Trend": 352.6},{"Average": 350.18, "Date": "1989-08-01", "Decimal Date": 1989.625, "Trend": 352.67},{"Average": 350.52, "Date": "1989-09-01", "Decimal Date": 1989.708, "Trend": 353.06},{"Average": 351.81, "Date": "1989-10-01", "Decimal Date": 1989.792, "Trend": 353.24},{"Average": 352.99, "Date": "1989-11-01", "Decimal Date": 1989.875, "Trend": 353.33},{"Average": 353.85, "Date": "1989-12-01", "Decimal Date": 1989.958, "Trend": 353.54},{"Average": 354.38, "Date": "1990-01-01", "Decimal Date": 1990.042, "Trend": 353.64},{"Average": 354.79, "Date": "1990-02-01", "Decimal Date": 1990.125, "Trend": 353.73},{"Average": 355.11, "Date": "1990-03-01", "Decimal Date": 1990.208, "Trend": 353.7},{"Average": 355.42, "Date": "1990-04-01", "Decimal Date": 1990.292, "Trend": 353.65},{"Average": 355.32, "Date": "1990-05-01", "Decimal Date": 1990.375, "Trend": 353.65},{"Average": 354.23, "Date": "1990-06-01", "Decimal Date": 1990.458, "Trend": 353.58},{"Average": 352.63, "Date": "1990-07-01", "Decimal Date": 1990.542, "Trend": 353.72},{"Average": 351.54, "Date": "1990-08-01", "Decimal Date": 1990.625, "Trend": 354.04},{"Average": 351.73, "Date": "1990-09-01", "Decimal Date": 1990.708, "Trend": 354.25},{"Average": 353.11, "Date": "1990-10-01", "Decimal Date": 1990.792, "Trend": 354.49},{"Average": 354.36, "Date": "1990-11-01", "Decimal Date": 1990.875, "Trend": 354.63},{"Average": 355.09, "Date": "1990-12-01", "Decimal Date": 1990.958, "Trend": 354.62},{"Average": 355.65, "Date": "1991-01-01", "Decimal Date": 1991.042, "Trend": 354.89},{"Average": 356.08, "Date": "1991-02-01", "Decimal Date": 1991.125, "Trend": 354.98},{"Average": 356.59, "Date": "1991-03-01", "Decimal Date": 1991.208, "Trend": 355.17},{"Average": 357.11, "Date": "1991-04-01", "Decimal Date": 1991.292, "Trend": 355.36},{"Average": 357.0, "Date": "1991-05-01", "Decimal Date": 1991.375, "Trend": 355.37},{"Average": 356.07, "Date": "1991-06-01", "Decimal Date": 1991.458, "Trend": 355.47},{"Average": 354.43, "Date": "1991-07-01", "Decimal Date": 1991.542, "Trend": 355.53},{"Average": 352.93, "Date": "1991-08-01", "Decimal Date": 1991.625, "Trend": 355.44},{"Average": 352.81, "Date": "1991-09-01", "Decimal Date": 1991.708, "Trend": 355.33},{"Average": 353.92, "Date": "1991-10-01", "Decimal Date": 1991.792, "Trend": 355.3},{"Average": 355.06, "Date": "1991-11-01", "Decimal Date": 1991.875, "Trend": 355.3},{"Average": 355.85, "Date": "1991-12-01", "Decimal Date": 1991.958, "Trend": 355.36},{"Average": 356.43, "Date": "1992-01-01", "Decimal Date": 1992.042, "Trend": 355.64},{"Average": 356.78, "Date": "1992-02-01", "Decimal Date": 1992.125, "Trend": 355.65},{"Average": 357.16, "Date": "1992-03-01", "Decimal Date": 1992.208, "Trend": 355.7},{"Average": 357.66, "Date": "1992-04-01", "Decimal Date": 1992.292, "Trend": 355.87},{"Average": 357.74, "Date": "1992-05-01", "Decimal Date": 1992.375, "Trend": 356.1},{"Average": 356.77, "Date": "1992-06-01", "Decimal Date": 1992.458, "Trend": 356.19},{"Average": 355.07, "Date": "1992-07-01", "Decimal Date": 1992.542, "Trend": 356.21},{"Average": 353.58, "Date": "1992-08-01", "Decimal Date": 1992.625, "Trend": 356.13},{"Average": 353.5, "Date": "1992-09-01", "Decimal Date": 1992.708, "Trend": 356.06},{"Average": 354.71, "Date": "1992-10-01", "Decimal Date": 1992.792, "Trend": 356.11},{"Average": 355.88, "Date": "1992-11-01", "Decimal Date": 1992.875, "Trend": 356.13},{"Average": 356.64, "Date": "1992-12-01", "Decimal Date": 1992.958, "Trend": 356.15},{"Average": 357.09, "Date": "1993-01-01", "Decimal Date": 1993.042, "Trend": 356.25},{"Average": 357.43, "Date": "1993-02-01", "Decimal Date": 1993.125, "Trend": 356.28},{"Average": 357.83, "Date": "1993-03-01", "Decimal Date": 1993.208, "Trend": 356.39},{"Average": 358.29, "Date": "1993-04-01", "Decimal Date": 1993.292, "Trend": 356.53},{"Average": 358.25, "Date": "1993-05-01", "Decimal Date": 1993.375, "Trend": 356.6},{"Average": 357.23, "Date": "1993-06-01", "Decimal Date": 1993.458, "Trend": 356.58},{"Average": 355.63, "Date": "1993-07-01", "Decimal Date": 1993.542, "Trend": 356.64},{"Average": 354.34, "Date": "1993-08-01", "Decimal Date": 1993.625, "Trend": 356.8},{"Average": 354.36, "Date": "1993-09-01", "Decimal Date": 1993.708, "Trend": 356.93},{"Average": 355.58, "Date": "1993-10-01", "Decimal Date": 1993.792, "Trend": 357.05},{"Average": 356.83, "Date": "1993-11-01", "Decimal Date": 1993.875, "Trend": 357.17},{"Average": 357.73, "Date": "1993-12-01", "Decimal Date": 1993.958, "Trend": 357.36},{"Average": 358.35, "Date": "1994-01-01", "Decimal Date": 1994.042, "Trend": 357.5},{"Average": 358.89, "Date": "1994-02-01", "Decimal Date": 1994.125, "Trend": 357.73},{"Average": 359.23, "Date": "1994-03-01", "Decimal Date": 1994.208, "Trend": 357.78},{"Average": 359.58, "Date": "1994-04-01", "Decimal Date": 1994.292, "Trend": 357.8},{"Average": 359.62, "Date": "1994-05-01", "Decimal Date": 1994.375, "Trend": 357.95},{"Average": 358.69, "Date": "1994-06-01", "Decimal Date": 1994.458, "Trend": 357.98},{"Average": 357.15, "Date": "1994-07-01", "Decimal Date": 1994.542, "Trend": 358.14},{"Average": 355.93, "Date": "1994-08-01", "Decimal Date": 1994.625, "Trend": 358.43},{"Average": 355.9, "Date": "1994-09-01", "Decimal Date": 1994.708, "Trend": 358.55},{"Average": 357.14, "Date": "1994-10-01", "Decimal Date": 1994.792, "Trend": 358.68},{"Average": 358.57, "Date": "1994-11-01", "Decimal Date": 1994.875, "Trend": 358.92},{"Average": 359.44, "Date": "1994-12-01", "Decimal Date": 1994.958, "Trend": 359.03},{"Average": 360.03, "Date": "1995-01-01", "Decimal Date": 1995.042, "Trend": 359.19},{"Average": 360.51, "Date": "1995-02-01", "Decimal Date": 1995.125, "Trend": 359.4},{"Average": 360.96, "Date": "1995-03-01", "Decimal Date": 1995.208, "Trend": 359.59},{"Average": 361.43, "Date": "1995-04-01", "Decimal Date": 1995.292, "Trend": 359.73},{"Average": 361.34, "Date": "1995-05-01", "Decimal Date": 1995.375, "Trend": 359.71},{"Average": 360.47, "Date": "1995-06-01", "Decimal Date": 1995.458, "Trend": 359.79},{"Average": 358.86, "Date": "1995-07-01", "Decimal Date": 1995.542, "Trend": 359.86},{"Average": 357.6, "Date": "1995-08-01", "Decimal Date": 1995.625, "Trend": 360.07},{"Average": 357.92, "Date": "1995-09-01", "Decimal Date": 1995.708, "Trend": 360.51},{"Average": 359.29, "Date": "1995-10-01", "Decimal Date": 1995.792, "Trend": 360.75},{"Average": 360.63, "Date": "1995-11-01", "Decimal Date": 1995.875, "Trend": 360.91},{"Average": 361.51, "Date": "1995-12-01", "Decimal Date": 1995.958, "Trend": 361.05},{"Average": 362.0, "Date": "1996-01-01", "Decimal Date": 1996.042, "Trend": 361.08},{"Average": 362.36, "Date": "1996-02-01", "Decimal Date": 1996.125, "Trend": 361.19},{"Average": 362.68, "Date": "1996-03-01", "Decimal Date": 1996.208, "Trend": 361.26},{"Average": 363.0, "Date": "1996-04-01", "Decimal Date": 1996.292, "Trend": 361.29},{"Average": 363.15, "Date": "1996-05-01", "Decimal Date": 1996.375, "Trend": 361.54},{"Average": 362.74, "Date": "1996-06-01", "Decimal Date": 1996.458, "Trend": 362.08},{"Average": 361.43, "Date": "1996-07-01", "Decimal Date": 1996.542, "Trend": 362.46},{"Average": 359.92, "Date": "1996-08-01", "Decimal Date": 1996.625, "Trend": 362.42},{"Average": 359.56, "Date": "1996-09-01", "Decimal Date": 1996.708, "Trend": 362.17},{"Average": 360.53, "Date": "1996-10-01", "Decimal Date": 1996.792, "Trend": 362.01},{"Average": 361.64, "Date": "1996-11-01", "Decimal Date": 1996.875, "Trend": 361.94},{"Average": 362.5, "Date": "1996-12-01", "Decimal Date": 1996.958, "Trend": 362.05},{"Average": 363.13, "Date": "1997-01-01", "Decimal Date": 1997.042, "Trend": 362.19},{"Average": 363.5, "Date": "1997-02-01", "Decimal Date": 1997.125, "Trend": 362.32},{"Average": 363.88, "Date": "1997-03-01", "Decimal Date": 1997.208, "Trend": 362.47},{"Average": 364.35, "Date": "1997-04-01", "Decimal Date": 1997.292, "Trend": 362.66},{"Average": 364.36, "Date": "1997-05-01", "Decimal Date": 1997.375, "Trend": 362.79},{"Average": 363.45, "Date": "1997-06-01", "Decimal Date": 1997.458, "Trend": 362.82},{"Average": 361.79, "Date": "1997-07-01", "Decimal Date": 1997.542, "Trend": 362.82},{"Average": 360.27, "Date": "1997-08-01", "Decimal Date": 1997.625, "Trend": 362.75},{"Average": 360.27, "Date": "1997-09-01", "Decimal Date": 1997.708, "Trend": 362.87},{"Average": 361.79, "Date": "1997-10-01", "Decimal Date": 1997.792, "Trend": 363.27},{"Average": 363.46, "Date": "1997-11-01", "Decimal Date": 1997.875, "Trend": 363.74},{"Average": 364.54, "Date": "1997-12-01", "Decimal Date": 1997.958, "Trend": 364.08},{"Average": 365.04, "Date": "1998-01-01", "Decimal Date": 1998.042, "Trend": 364.11},{"Average": 365.31, "Date": "1998-02-01", "Decimal Date": 1998.125, "Trend": 364.16},{"Average": 365.78, "Date": "1998-03-01", "Decimal Date": 1998.208, "Trend": 364.38},{"Average": 366.43, "Date": "1998-04-01", "Decimal Date": 1998.292, "Trend": 364.75},{"Average": 366.7, "Date": "1998-05-01", "Decimal Date": 1998.375, "Trend": 365.17},{"Average": 366.11, "Date": "1998-06-01", "Decimal Date": 1998.458, "Trend": 365.51},{"Average": 364.68, "Date": "1998-07-01", "Decimal Date": 1998.542, "Trend": 365.73},{"Average": 363.64, "Date": "1998-08-01", "Decimal Date": 1998.625, "Trend": 366.12},{"Average": 363.88, "Date": "1998-09-01", "Decimal Date": 1998.708, "Trend": 366.46},{"Average": 365.18, "Date": "1998-10-01", "Decimal Date": 1998.792, "Trend": 366.62},{"Average": 366.45, "Date": "1998-11-01", "Decimal Date": 1998.875, "Trend": 366.69},{"Average": 367.31, "Date": "1998-12-01", "Decimal Date": 1998.958, "Trend": 366.81},{"Average": 367.95, "Date": "1999-01-01", "Decimal Date": 1999.042, "Trend": 367.02},{"Average": 368.35, "Date": "1999-02-01", "Decimal Date": 1999.125, "Trend": 367.21},{"Average": 368.74, "Date": "1999-03-01", "Decimal Date": 1999.208, "Trend": 367.36},{"Average": 369.13, "Date": "1999-04-01", "Decimal Date": 1999.292, "Trend": 367.49},{"Average": 369.04, "Date": "1999-05-01", "Decimal Date": 1999.375, "Trend": 367.53},{"Average": 368.19, "Date": "1999-06-01", "Decimal Date": 1999.458, "Trend": 367.62},{"Average": 366.54, "Date": "1999-07-01", "Decimal Date": 1999.542, "Trend": 367.58},{"Average": 365.18, "Date": "1999-08-01", "Decimal Date": 1999.625, "Trend": 367.63},{"Average": 365.29, "Date": "1999-09-01", "Decimal Date": 1999.708, "Trend": 367.85},{"Average": 366.6, "Date": "1999-10-01", "Decimal Date": 1999.792, "Trend": 368.02},{"Average": 367.9, "Date": "1999-11-01", "Decimal Date": 1999.875, "Trend": 368.14},{"Average": 368.73, "Date": "1999-12-01", "Decimal Date": 1999.958, "Trend": 368.21},{"Average": 369.27, "Date": "2000-01-01", "Decimal Date": 2000.042, "Trend": 368.35},{"Average": 369.53, "Date": "2000-02-01", "Decimal Date": 2000.125, "Trend": 368.39},{"Average": 369.84, "Date": "2000-03-01", "Decimal Date": 2000.208, "Trend": 368.45},{"Average": 370.21, "Date": "2000-04-01", "Decimal Date": 2000.292, "Trend": 368.55},{"Average": 370.11, "Date": "2000-05-01", "Decimal Date": 2000.375, "Trend": 368.59},{"Average": 369.18, "Date": "2000-06-01", "Decimal Date": 2000.458, "Trend": 368.66},{"Average": 367.79, "Date": "2000-07-01", "Decimal Date": 2000.542, "Trend": 368.93},{"Average": 366.63, "Date": "2000-08-01", "Decimal Date": 2000.625, "Trend": 369.13},{"Average": 366.58, "Date": "2000-09-01", "Decimal Date": 2000.708, "Trend": 369.12},{"Average": 367.78, "Date": "2000-10-01", "Decimal Date": 2000.792, "Trend": 369.16},{"Average": 369.15, "Date": "2000-11-01", "Decimal Date": 2000.875, "Trend": 369.32},{"Average": 369.97, "Date": "2000-12-01", "Decimal Date": 2000.958, "Trend": 369.39},{"Average": 370.53, "Date": "2001-01-01", "Decimal Date": 2001.042, "Trend": 369.64},{"Average": 371.02, "Date": "2001-02-01", "Decimal Date": 2001.125, "Trend": 369.86},{"Average": 371.42, "Date": "2001-03-01", "Decimal Date": 2001.208, "Trend": 370.01},{"Average": 371.74, "Date": "2001-04-01", "Decimal Date": 2001.292, "Trend": 370.07},{"Average": 371.64, "Date": "2001-05-01", "Decimal Date": 2001.375, "Trend": 370.12},{"Average": 370.68, "Date": "2001-06-01", "Decimal Date": 2001.458, "Trend": 370.16},{"Average": 369.29, "Date": "2001-07-01", "Decimal Date": 2001.542, "Trend": 370.4},{"Average": 368.16, "Date": "2001-08-01", "Decimal Date": 2001.625, "Trend": 370.63},{"Average": 368.2, "Date": "2001-09-01", "Decimal Date": 2001.708, "Trend": 370.73},{"Average": 369.55, "Date": "2001-10-01", "Decimal Date": 2001.792, "Trend": 370.94},{"Average": 370.88, "Date": "2001-11-01", "Decimal Date": 2001.875, "Trend": 371.09},{"Average": 371.8, "Date": "2001-12-01", "Decimal Date": 2001.958, "Trend": 371.27},{"Average": 372.36, "Date": "2002-01-01", "Decimal Date": 2002.042, "Trend": 371.4},{"Average": 372.75, "Date": "2002-02-01", "Decimal Date": 2002.125, "Trend": 371.51},{"Average": 373.21, "Date": "2002-03-01", "Decimal Date": 2002.208, "Trend": 371.68},{"Average": 373.54, "Date": "2002-04-01", "Decimal Date": 2002.292, "Trend": 371.8},{"Average": 373.53, "Date": "2002-05-01", "Decimal Date": 2002.375, "Trend": 371.96},{"Average": 372.68, "Date": "2002-06-01", "Decimal Date": 2002.458, "Trend": 372.14},{"Average": 371.25, "Date": "2002-07-01", "Decimal Date": 2002.542, "Trend": 372.39},{"Average": 370.19, "Date": "2002-08-01", "Decimal Date": 2002.625, "Trend": 372.72},{"Average": 370.51, "Date": "2002-09-01", "Decimal Date": 2002.708, "Trend": 373.12},{"Average": 371.78, "Date": "2002-10-01", "Decimal Date": 2002.792, "Trend": 373.26},{"Average": 373.12, "Date": "2002-11-01", "Decimal Date": 2002.875, "Trend": 373.4},{"Average": 374.1, "Date": "2002-12-01", "Decimal Date": 2002.958, "Trend": 373.64},{"Average": 374.77, "Date": "2003-01-01", "Decimal Date": 2003.042, "Trend": 373.76},{"Average": 375.28, "Date": "2003-02-01", "Decimal Date": 2003.125, "Trend": 373.97},{"Average": 375.73, "Date": "2003-03-01", "Decimal Date": 2003.208, "Trend": 374.15},{"Average": 376.2, "Date": "2003-04-01", "Decimal Date": 2003.292, "Trend": 374.43},{"Average": 376.33, "Date": "2003-05-01", "Decimal Date": 2003.375, "Trend": 374.74},{"Average": 375.5, "Date": "2003-06-01", "Decimal Date": 2003.458, "Trend": 374.95},{"Average": 373.97, "Date": "2003-07-01", "Decimal Date": 2003.542, "Trend": 375.11},{"Average": 372.74, "Date": "2003-08-01", "Decimal Date": 2003.625, "Trend": 375.31},{"Average": 372.92, "Date": "2003-09-01", "Decimal Date": 2003.708, "Trend": 375.59},{"Average": 374.2, "Date": "2003-10-01", "Decimal Date": 2003.792, "Trend": 375.73},{"Average": 375.49, "Date": "2003-11-01", "Decimal Date": 2003.875, "Trend": 375.82},{"Average": 376.35, "Date": "2003-12-01", "Decimal Date": 2003.958, "Trend": 375.93},{"Average": 377.04, "Date": "2004-01-01", "Decimal Date": 2004.042, "Trend": 376.06},{"Average": 377.58, "Date": "2004-02-01", "Decimal Date": 2004.125, "Trend": 376.27},{"Average": 378.01, "Date": "2004-03-01", "Decimal Date": 2004.208, "Trend": 376.42},{"Average": 378.31, "Date": "2004-04-01", "Decimal Date": 2004.292, "Trend": 376.53},{"Average": 378.24, "Date": "2004-05-01", "Decimal Date": 2004.375, "Trend": 376.65},{"Average": 377.36, "Date": "2004-06-01", "Decimal Date": 2004.458, "Trend": 376.81},{"Average": 375.82, "Date": "2004-07-01", "Decimal Date": 2004.542, "Trend": 377.0},{"Average": 374.36, "Date": "2004-08-01", "Decimal Date": 2004.625, "Trend": 376.99},{"Average": 374.25, "Date": "2004-09-01", "Decimal Date": 2004.708, "Trend": 376.92},{"Average": 375.58, "Date": "2004-10-01", "Decimal Date": 2004.792, "Trend": 377.08},{"Average": 377.06, "Date": "2004-11-01", "Decimal Date": 2004.875, "Trend": 377.35},{"Average": 378.02, "Date": "2004-12-01", "Decimal Date": 2004.958, "Trend": 377.53},{"Average": 378.58, "Date": "2005-01-01", "Decimal Date": 2005.042, "Trend": 377.6},{"Average": 379.04, "Date": "2005-02-01", "Decimal Date": 2005.125, "Trend": 377.73},{"Average": 379.66, "Date": "2005-03-01", "Decimal Date": 2005.208, "Trend": 378.06},{"Average": 380.15, "Date": "2005-04-01", "Decimal Date": 2005.292, "Trend": 378.35},{"Average": 380.27, "Date": "2005-05-01", "Decimal Date": 2005.375, "Trend": 378.65},{"Average": 379.45, "Date": "2005-06-01", "Decimal Date": 2005.458, "Trend": 378.86},{"Average": 377.79, "Date": "2005-07-01", "Decimal Date": 2005.542, "Trend": 378.94},{"Average": 376.57, "Date": "2005-08-01", "Decimal Date": 2005.625, "Trend": 379.19},{"Average": 376.6, "Date": "2005-09-01", "Decimal Date": 2005.708, "Trend": 379.3},{"Average": 377.91, "Date": "2005-10-01", "Decimal Date": 2005.792, "Trend": 379.47},{"Average": 379.36, "Date": "2005-11-01", "Decimal Date": 2005.875, "Trend": 379.69},{"Average": 380.34, "Date": "2005-12-01", "Decimal Date": 2005.958, "Trend": 379.86},{"Average": 381.14, "Date": "2006-01-01", "Decimal Date": 2006.042, "Trend": 380.14},{"Average": 381.76, "Date": "2006-02-01", "Decimal Date": 2006.125, "Trend": 380.4},{"Average": 382.13, "Date": "2006-03-01", "Decimal Date": 2006.208, "Trend": 380.51},{"Average": 382.47, "Date": "2006-04-01", "Decimal Date": 2006.292, "Trend": 380.64},{"Average": 382.43, "Date": "2006-05-01", "Decimal Date": 2006.375, "Trend": 380.78},{"Average": 381.57, "Date": "2006-06-01", "Decimal Date": 2006.458, "Trend": 380.96},{"Average": 379.89, "Date": "2006-07-01", "Decimal Date": 2006.542, "Trend": 381.09},{"Average": 378.31, "Date": "2006-08-01", "Decimal Date": 2006.625, "Trend": 381.01},{"Average": 378.41, "Date": "2006-09-01", "Decimal Date": 2006.708, "Trend": 381.18},{"Average": 379.84, "Date": "2006-10-01", "Decimal Date": 2006.792, "Trend": 381.41},{"Average": 381.21, "Date": "2006-11-01", "Decimal Date": 2006.875, "Trend": 381.53},{"Average": 382.17, "Date": "2006-12-01", "Decimal Date": 2006.958, "Trend": 381.69},{"Average": 382.82, "Date": "2007-01-01", "Decimal Date": 2007.042, "Trend": 381.81},{"Average": 383.33, "Date": "2007-02-01", "Decimal Date": 2007.125, "Trend": 381.93},{"Average": 383.8, "Date": "2007-03-01", "Decimal Date": 2007.208, "Trend": 382.15},{"Average": 384.06, "Date": "2007-04-01", "Decimal Date": 2007.292, "Trend": 382.23},{"Average": 383.9, "Date": "2007-05-01", "Decimal Date": 2007.375, "Trend": 382.27},{"Average": 383.04, "Date": "2007-06-01", "Decimal Date": 2007.458, "Trend": 382.47},{"Average": 381.34, "Date": "2007-07-01", "Decimal Date": 2007.542, "Trend": 382.59},{"Average": 380.09, "Date": "2007-08-01", "Decimal Date": 2007.625, "Trend": 382.84},{"Average": 380.47, "Date": "2007-09-01", "Decimal Date": 2007.708, "Trend": 383.24},{"Average": 381.88, "Date": "2007-10-01", "Decimal Date": 2007.792, "Trend": 383.43},{"Average": 383.22, "Date": "2007-11-01", "Decimal Date": 2007.875, "Trend": 383.5},{"Average": 384.22, "Date": "2007-12-01", "Decimal Date": 2007.958, "Trend": 383.72},{"Average": 384.97, "Date": "2008-01-01", "Decimal Date": 2008.042, "Trend": 383.96},{"Average": 385.5, "Date": "2008-02-01", "Decimal Date": 2008.125, "Trend": 384.12},{"Average": 385.91, "Date": "2008-03-01", "Decimal Date": 2008.208, "Trend": 384.29},{"Average": 386.3, "Date": "2008-04-01", "Decimal Date": 2008.292, "Trend": 384.49},{"Average": 386.26, "Date": "2008-05-01", "Decimal Date": 2008.375, "Trend": 384.63},{"Average": 385.34, "Date": "2008-06-01", "Decimal Date": 2008.458, "Trend": 384.77},{"Average": 383.85, "Date": "2008-07-01", "Decimal Date": 2008.542, "Trend": 385.16},{"Average": 382.52, "Date": "2008-08-01", "Decimal Date": 2008.625, "Trend": 385.31},{"Average": 382.31, "Date": "2008-09-01", "Decimal Date": 2008.708, "Trend": 385.05},{"Average": 383.43, "Date": "2008-10-01", "Decimal Date": 2008.792, "Trend": 384.92},{"Average": 384.94, "Date": "2008-11-01", "Decimal Date": 2008.875, "Trend": 385.18},{"Average": 386.04, "Date": "2008-12-01", "Decimal Date": 2008.958, "Trend": 385.5},{"Average": 386.8, "Date": "2009-01-01", "Decimal Date": 2009.042, "Trend": 385.75},{"Average": 387.25, "Date": "2009-02-01", "Decimal Date": 2009.125, "Trend": 385.82},{"Average": 387.48, "Date": "2009-03-01", "Decimal Date": 2009.208, "Trend": 385.83},{"Average": 387.76, "Date": "2009-04-01", "Decimal Date": 2009.292, "Trend": 385.95},{"Average": 387.73, "Date": "2009-05-01", "Decimal Date": 2009.375, "Trend": 386.13},{"Average": 386.74, "Date": "2009-06-01", "Decimal Date": 2009.458, "Trend": 386.24},{"Average": 384.81, "Date": "2009-07-01", "Decimal Date": 2009.542, "Trend": 386.22},{"Average": 383.44, "Date": "2009-08-01", "Decimal Date": 2009.625, "Trend": 386.3},{"Average": 383.74, "Date": "2009-09-01", "Decimal Date": 2009.708, "Trend": 386.47},{"Average": 385.3, "Date": "2009-10-01", "Decimal Date": 2009.792, "Trend": 386.73},{"Average": 386.75, "Date": "2009-11-01", "Decimal Date": 2009.875, "Trend": 386.93},{"Average": 387.63, "Date": "2009-12-01", "Decimal Date": 2009.958, "Trend": 387.07},{"Average": 388.42, "Date": "2010-01-01", "Decimal Date": 2010.042, "Trend": 387.4},{"Average": 389.14, "Date": "2010-02-01", "Decimal Date": 2010.125, "Trend": 387.74},{"Average": 389.48, "Date": "2010-03-01", "Decimal Date": 2010.208, "Trend": 387.84},{"Average": 389.79, "Date": "2010-04-01", "Decimal Date": 2010.292, "Trend": 387.98},{"Average": 389.76, "Date": "2010-05-01", "Decimal Date": 2010.375, "Trend": 388.16},{"Average": 388.83, "Date": "2010-06-01", "Decimal Date": 2010.458, "Trend": 388.33},{"Average": 387.18, "Date": "2010-07-01", "Decimal Date": 2010.542, "Trend": 388.57},{"Average": 386.06, "Date": "2010-08-01", "Decimal Date": 2010.625, "Trend": 388.87},{"Average": 386.52, "Date": "2010-09-01", "Decimal Date": 2010.708, "Trend": 389.22},{"Average": 388.06, "Date": "2010-10-01", "Decimal Date": 2010.792, "Trend": 389.49},{"Average": 389.43, "Date": "2010-11-01", "Decimal Date": 2010.875, "Trend": 389.62},{"Average": 390.18, "Date": "2010-12-01", "Decimal Date": 2010.958, "Trend": 389.64},{"Average": 390.74, "Date": "2011-01-01", "Decimal Date": 2011.042, "Trend": 389.69},{"Average": 391.17, "Date": "2011-02-01", "Decimal Date": 2011.125, "Trend": 389.75},{"Average": 391.48, "Date": "2011-03-01", "Decimal Date": 2011.208, "Trend": 389.84},{"Average": 391.86, "Date": "2011-04-01", "Decimal Date": 2011.292, "Trend": 390.05},{"Average": 391.89, "Date": "2011-05-01", "Decimal Date": 2011.375, "Trend": 390.27},{"Average": 390.95, "Date": "2011-06-01", "Decimal Date": 2011.458, "Trend": 390.45},{"Average": 389.02, "Date": "2011-07-01", "Decimal Date": 2011.542, "Trend": 390.39},{"Average": 387.69, "Date": "2011-08-01", "Decimal Date": 2011.625, "Trend": 390.46},{"Average": 388.09, "Date": "2011-09-01", "Decimal Date": 2011.708, "Trend": 390.8},{"Average": 389.65, "Date": "2011-10-01", "Decimal Date": 2011.792, "Trend": 391.12},{"Average": 391.03, "Date": "2011-11-01", "Decimal Date": 2011.875, "Trend": 391.24},{"Average": 391.86, "Date": "2011-12-01", "Decimal Date": 2011.958, "Trend": 391.36},{"Average": 392.43, "Date": "2012-01-01", "Decimal Date": 2012.042, "Trend": 391.38},{"Average": 393.03, "Date": "2012-02-01", "Decimal Date": 2012.125, "Trend": 391.61},{"Average": 393.55, "Date": "2012-03-01", "Decimal Date": 2012.208, "Trend": 391.92},{"Average": 393.81, "Date": "2012-04-01", "Decimal Date": 2012.292, "Trend": 392.01},{"Average": 393.69, "Date": "2012-05-01", "Decimal Date": 2012.375, "Trend": 392.09},{"Average": 392.64, "Date": "2012-06-01", "Decimal Date": 2012.458, "Trend": 392.16},{"Average": 390.8, "Date": "2012-07-01", "Decimal Date": 2012.542, "Trend": 392.22},{"Average": 389.69, "Date": "2012-08-01", "Decimal Date": 2012.625, "Trend": 392.52},{"Average": 390.35, "Date": "2012-09-01", "Decimal Date": 2012.708, "Trend": 393.06},{"Average": 391.95, "Date": "2012-10-01", "Decimal Date": 2012.792, "Trend": 393.37},{"Average": 393.36, "Date": "2012-11-01", "Decimal Date": 2012.875, "Trend": 393.53},{"Average": 394.19, "Date": "2012-12-01", "Decimal Date": 2012.958, "Trend": 393.62},{"Average": 394.87, "Date": "2013-01-01", "Decimal Date": 2013.042, "Trend": 393.89},{"Average": 395.48, "Date": "2013-02-01", "Decimal Date": 2013.125, "Trend": 394.12},{"Average": 396.07, "Date": "2013-03-01", "Decimal Date": 2013.208, "Trend": 394.46},{"Average": 396.53, "Date": "2013-04-01", "Decimal Date": 2013.292, "Trend": 394.73},{"Average": 396.54, "Date": "2013-05-01", "Decimal Date": 2013.375, "Trend": 394.93},{"Average": 395.74, "Date": "2013-06-01", "Decimal Date": 2013.458, "Trend": 395.23},{"Average": 394.27, "Date": "2013-07-01", "Decimal Date": 2013.542, "Trend": 395.62},{"Average": 393.04, "Date": "2013-08-01", "Decimal Date": 2013.625, "Trend": 395.8},{"Average": 393.01, "Date": "2013-09-01", "Decimal Date": 2013.708, "Trend": 395.68},{"Average": 394.3, "Date": "2013-10-01", "Decimal Date": 2013.792, "Trend": 395.73},{"Average": 395.75, "Date": "2013-11-01", "Decimal Date": 2013.875, "Trend": 395.95},{"Average": 396.65, "Date": "2013-12-01", "Decimal Date": 2013.958, "Trend": 396.12},{"Average": 397.29, "Date": "2014-01-01", "Decimal Date": 2014.042, "Trend": 396.22},{"Average": 397.75, "Date": "2014-02-01", "Decimal Date": 2014.125, "Trend": 396.32},{"Average": 398.05, "Date": "2014-03-01", "Decimal Date": 2014.208, "Trend": 396.37},{"Average": 398.4, "Date": "2014-04-01", "Decimal Date": 2014.292, "Trend": 396.55},{"Average": 398.47, "Date": "2014-05-01", "Decimal Date": 2014.375, "Trend": 396.81},{"Average": 397.51, "Date": "2014-06-01", "Decimal Date": 2014.458, "Trend": 396.94},{"Average": 395.93, "Date": "2014-07-01", "Decimal Date": 2014.542, "Trend": 397.24},{"Average": 394.82, "Date": "2014-08-01", "Decimal Date": 2014.625, "Trend": 397.61},{"Average": 394.89, "Date": "2014-09-01", "Decimal Date": 2014.708, "Trend": 397.66},{"Average": 396.14, "Date": "2014-10-01", "Decimal Date": 2014.792, "Trend": 397.68},{"Average": 397.62, "Date": "2014-11-01", "Decimal Date": 2014.875, "Trend": 397.91},{"Average": 398.59, "Date": "2014-12-01", "Decimal Date": 2014.958, "Trend": 398.12},{"Average": 399.32, "Date": "2015-01-01", "Decimal Date": 2015.042, "Trend": 398.3},{"Average": 399.88, "Date": "2015-02-01", "Decimal Date": 2015.125, "Trend": 398.49},{"Average": 400.33, "Date": "2015-03-01", "Decimal Date": 2015.208, "Trend": 398.68},{"Average": 400.72, "Date": "2015-04-01", "Decimal Date": 2015.292, "Trend": 398.9},{"Average": 400.68, "Date": "2015-05-01", "Decimal Date": 2015.375, "Trend": 399.07},{"Average": 399.83, "Date": "2015-06-01", "Decimal Date": 2015.458, "Trend": 399.31},{"Average": 398.15, "Date": "2015-07-01", "Decimal Date": 2015.542, "Trend": 399.5},{"Average": 396.84, "Date": "2015-08-01", "Decimal Date": 2015.625, "Trend": 399.62},{"Average": 397.11, "Date": "2015-09-01", "Decimal Date": 2015.708, "Trend": 399.82},{"Average": 398.56, "Date": "2015-10-01", "Decimal Date": 2015.792, "Trend": 400.02},{"Average": 400.13, "Date": "2015-11-01", "Decimal Date": 2015.875, "Trend": 400.35},{"Average": 401.42, "Date": "2015-12-01", "Decimal Date": 2015.958, "Trend": 400.9},{"Average": 402.41, "Date": "2016-01-01", "Decimal Date": 2016.042, "Trend": 401.4},{"Average": 403.04, "Date": "2016-02-01", "Decimal Date": 2016.125, "Trend": 401.66},{"Average": 403.62, "Date": "2016-03-01", "Decimal Date": 2016.208, "Trend": 401.97},{"Average": 404.14, "Date": "2016-04-01", "Decimal Date": 2016.292, "Trend": 402.32},{"Average": 404.21, "Date": "2016-05-01", "Decimal Date": 2016.375, "Trend": 402.61},{"Average": 403.42, "Date": "2016-06-01", "Decimal Date": 2016.458, "Trend": 402.91},{"Average": 401.89, "Date": "2016-07-01", "Decimal Date": 2016.542, "Trend": 403.24},{"Average": 400.59, "Date": "2016-08-01", "Decimal Date": 2016.625, "Trend": 403.37},{"Average": 400.77, "Date": "2016-09-01", "Decimal Date": 2016.708, "Trend": 403.48},{"Average": 402.19, "Date": "2016-10-01", "Decimal Date": 2016.792, "Trend": 403.66},{"Average": 403.55, "Date": "2016-11-01", "Decimal Date": 2016.875, "Trend": 403.77},{"Average": 404.46, "Date": "2016-12-01", "Decimal Date": 2016.958, "Trend": 403.93},{"Average": 405.1, "Date": "2017-01-01", "Decimal Date": 2017.042, "Trend": 404.08},{"Average": 405.69, "Date": "2017-02-01", "Decimal Date": 2017.125, "Trend": 404.3},{"Average": 406.1, "Date": "2017-03-01", "Decimal Date": 2017.208, "Trend": 404.45},{"Average": 406.39, "Date": "2017-04-01", "Decimal Date": 2017.292, "Trend": 404.57},{"Average": 406.43, "Date": "2017-05-01", "Decimal Date": 2017.375, "Trend": 404.83},{"Average": 405.63, "Date": "2017-06-01", "Decimal Date": 2017.458, "Trend": 405.12},{"Average": 403.89, "Date": "2017-07-01", "Decimal Date": 2017.542, "Trend": 405.24},{"Average": 402.36, "Date": "2017-08-01", "Decimal Date": 2017.625, "Trend": 405.14},{"Average": 402.44, "Date": "2017-09-01", "Decimal Date": 2017.708, "Trend": 405.16},{"Average": 403.94, "Date": "2017-10-01", "Decimal Date": 2017.792, "Trend": 405.4},{"Average": 405.48, "Date": "2017-11-01", "Decimal Date": 2017.875, "Trend": 405.69},{"Average": 406.53, "Date": "2017-12-01", "Decimal Date": 2017.958, "Trend": 406.01},{"Average": 407.31, "Date": "2018-01-01", "Decimal Date": 2018.042, "Trend": 406.29},{"Average": 407.99, "Date": "2018-02-01", "Decimal Date": 2018.125, "Trend": 406.6},{"Average": 408.57, "Date": "2018-03-01", "Decimal Date": 2018.208, "Trend": 406.92},{"Average": 408.88, "Date": "2018-04-01", "Decimal Date": 2018.292, "Trend": 407.06},{"Average": 408.75, "Date": "2018-05-01", "Decimal Date": 2018.375, "Trend": 407.14},{"Average": 407.86, "Date": "2018-06-01", "Decimal Date": 2018.458, "Trend": 407.34},{"Average": 406.39, "Date": "2018-07-01", "Decimal Date": 2018.542, "Trend": 407.74}]