[{"Annual Increase": 0.96, "Uncertainty": 0.31, "Year": "1959-11-01"},{"Annual Increase": 0.71, "Uncertainty": 0.27, "Year": "1960-11-01"},{"Annual Increase": 0.78, "Uncertainty": 0.27, "Year": "1961-11-01"},{"Annual Increase": 0.56, "Uncertainty": 0.27, "Year": "1962-11-01"},{"Annual Increase": 0.57, "Uncertainty": 0.28, "Year": "1963-11-01"},{"Annual Increase": 0.49, "Uncertainty": 0.27, "Year": "1964-11-01"},{"Annual Increase": 1.1, "Uncertainty": 0.26, "Year": "1965-11-01"},{"Annual Increase": 1.1, "Uncertainty": 0.28, "Year": "1966-11-01"},{"Annual Increase": 0.61, "Uncertainty": 0.34, "Year": "1967-11-01"},{"Annual Increase": 0.99, "Uncertainty": 0.32, "Year": "1968-11-01"},{"Annual Increase": 1.32, "Uncertainty": 0.29, "Year": "1969-11-01"},{"Annual Increase": 1.13, "Uncertainty": 0.32, "Year": "1970-11-01"},{"Annual Increase": 0.73, "Uncertainty": 0.3, "Year": "1971-11-01"},{"Annual Increase": 1.47, "Uncertainty": 0.31, "Year": "1972-11-01"},{"Annual Increase": 1.46, "Uncertainty": 0.31, "Year": "1973-11-01"},{"Annual Increase": 0.68, "Uncertainty": 0.31, "Year": "1974-11-01"},{"Annual Increase": 1.23, "Uncertainty": 0.27, "Year": "1975-11-01"},{"Annual Increase": 0.97, "Uncertainty": 0.28, "Year": "1976-11-01"},{"Annual Increase": 1.92, "Uncertainty": 0.29, "Year": "1977-11-01"},{"Annual Increase": 1.29, "Uncertainty": 0.24, "Year": "1978-11-01"},{"Annual Increase": 2.14, "Uncertainty": 0.26, "Year": "1979-11-01"},{"Annual Increase": 1.7, "Uncertainty": 0.11, "Year": "1980-11-01"},{"Annual Increase": 1.15, "Uncertainty": 0.07, "Year": "1981-11-01"},{"Annual Increase": 0.99, "Uncertainty": 0.07, "Year": "1982-11-01"},{"Annual Increase": 1.85, "Uncertainty": 0.09, "Year": "1983-11-01"},{"Annual Increase": 1.24, "Uncertainty": 0.12, "Year": "1984-11-01"},{"Annual Increase": 1.62, "Uncertainty": 0.1, "Year": "1985-11-01"},{"Annual Increase": 1.02, "Uncertainty": 0.11, "Year": "1986-11-01"},{"Annual Increase": 2.7, "Uncertainty": 0.1, "Year": "1987-11-01"},{"Annual Increase": 2.25, "Uncertainty": 0.09, "Year": "1988-11-01"},{"Annual Increase": 1.38, "Uncertainty": 0.11, "Year": "1989-11-01"},{"Annual Increase": 1.17, "Uncertainty": 0.09, "Year": "1990-11-01"},{"Annual Increase": 0.74, "Uncertainty": 0.09, "Year": "1991-11-01"},{"Annual Increase": 0.7, "Uncertainty": 0.1, "Year": "1992-11-01"},{"Annual Increase": 1.23, "Uncertainty": 0.07, "Year": "1993-11-01"},{"Annual Increase": 1.68, "Uncertainty": 0.11, "Year": "1994-11-01"},{"Annual Increase": 1.95, "Uncertainty": 0.11, "Year": "1995-11-01"},{"Annual Increase": 1.06, "Uncertainty": 0.08, "Year": "1996-11-01"},{"Annual Increase": 1.97, "Uncertainty": 0.08, "Year": "1997-11-01"},{"Annual Increase": 2.82, "Uncertainty": 0.11, "Year": "1998-11-01"},{"Annual Increase": 1.37, "Uncertainty": 0.08, "Year": "1999-11-01"},{"Annual Increase": 1.23, "Uncertainty": 0.11, "Year": "2000-11-01"},{"Annual Increase": 1.82, "Uncertainty": 0.09, "Year": "2001-11-01"},{"Annual Increase": 2.36, "Uncertainty": 0.07, "Year": "2002-11-01"},{"Annual Increase": 2.29, "Uncertainty": 0.09, "Year": "2003-11-01"},{"Annual Increase": 1.57, "Uncertainty": 0.05, "Year": "2004-11-01"},{"Annual Increase": 2.43, "Uncertainty": 0.08, "Year": "2005-11-01"},{"Annual Increase": 1.75, "Uncertainty": 0.06, "Year": "2006-11-01"},{"Annual Increase": 2.09, "Uncertainty": 0.07, "Year": "2007-11-01"},{"Annual Increase": 1.79, "Uncertainty": 0.05, "Year": "2008-11-01"},{"Annual Increase": 1.61, "Uncertainty": 0.06, "Year": "2009-11-01"},{"Annual Increase": 2.43, "Uncertainty": 0.07, "Year": "2010-11-01"},{"Annual Increase": 1.7, "Uncertainty": 0.08, "Year": "2011-11-01"},{"Annual Increase": 2.39, "Uncertainty": 0.07, "Year": "2012-11-01"},{"Annual Increase": 2.41, "Uncertainty": 0.08, "Year": "2013-11-01"},{"Annual Increase": 2.04, "Uncertainty": 0.08, "Year": "2014-11-01"},{"Annual Increase": 2.94, "Uncertainty": 0.07, "Year": "2015-11-01"},{"Annual Increase": 2.86, "Uncertainty": 0.08, "Year": "2016-11-01"},{"Annual Increase": 2.14, "Uncertainty": 0.09, "Year": "2017-11-01"}]